Date,Open,High,Low,Close,Volume,Adj Close,MA240,DIFF
2011-01-03,69900.04,69900.04,68500.01,68800.02,653400,85423.1,,
2011-01-04,69000.0,70699.97,68800.02,70699.97,1077700,87782.1,,
2011-01-05,70400.04,70499.98,69399.97,69999.99,720200,86913.0,,
2011-01-06,69999.99,70199.97,69100.03,69100.03,569400,85795.6,,
2011-01-07,68800.02,73000.03,68800.02,73000.03,1926900,90637.9,,
2011-01-10,72599.99,74200.0,72299.98,73200.02,1583900,90886.2,,
2011-01-11,73299.97,74300.04,72799.97,73599.98,929200,91382.8,,
2011-01-12,73599.98,73700.01,72499.96,73299.97,619900,91010.3,,
2011-01-13,73299.97,74200.0,72900.01,73599.98,752100,91382.8,,
2011-01-14,74000.02,75199.99,71199.96,71199.96,1714600,88402.9,,
2011-01-17,71799.98,72299.98,70799.99,71199.96,644300,88402.9,,
2011-01-18,70999.98,72299.98,70799.99,71100.01,509600,88278.8,,
2011-01-19,71199.96,73400.0,70900.03,73099.99,776700,90762.0,,
2011-01-20,73299.97,76000.0,72599.99,75699.99,1905700,93990.2,,
2011-01-21,75800.02,76399.96,74200.0,75000.01,1219500,93121.1,,
2011-01-24,75600.04,78499.97,75500.01,78100.01,1707600,96970.1,,
2011-01-25,78700.04,78799.99,76699.97,77499.98,1019100,96225.1,,
2011-01-26,78199.96,78900.01,76399.96,77100.02,596000,95728.5,,
2011-01-27,77699.96,78400.02,75399.98,77999.98,1573500,96845.9,,
2011-01-28,77400.03,78100.01,76000.0,76000.0,712500,94362.7,,
2011-01-31,74300.04,74700.0,72200.03,72700.02,981400,90265.4,,
2011-02-01,73000.03,73400.0,71100.01,71900.02,785100,89272.1,,
2011-02-07,73099.99,73899.99,72499.96,72599.99,421200,90141.2,,
2011-02-08,73799.96,74700.0,73400.0,73400.0,638900,91134.5,,
2011-02-09,73599.98,75000.01,73599.98,74399.99,694400,92376.1,,
2011-02-10,74300.04,74800.03,72700.02,72900.01,433800,90513.7,,
2011-02-11,73299.97,74899.98,72100.0,72100.0,431500,89520.4,,
2011-02-14,72900.01,72900.01,70100.02,71400.02,624600,88651.3,,
2011-02-15,71499.97,72200.03,70799.99,71299.99,444400,88527.1,,
2011-02-16,70999.98,71900.02,70999.98,71299.99,329300,88527.1,,
2011-02-17,71600.01,71799.98,68899.97,69999.99,609700,86913.0,,
2011-02-18,70100.02,70799.99,69600.03,70499.98,514200,87533.8,,
2011-02-21,70600.02,70699.97,68800.02,69100.03,753300,85795.6,,
2011-02-22,66700.02,67599.97,61899.97,62100.03,2865100,77104.3,,
2011-02-23,60800.04,62600.03,60200.01,61000.01,1449400,75738.5,,
2011-02-24,60500.02,62600.03,59799.96,61099.97,1081000,75862.6,,
2011-02-25,62100.03,64499.98,61699.99,63999.98,932600,79463.3,,
2011-02-28,63800.0,63800.0,61199.99,61500.01,742500,76359.3,,
2011-03-02,60399.99,61099.97,60200.01,61000.01,425200,75738.5,,
2011-03-03,61099.97,62999.99,60700.0,62999.99,676300,78221.7,,
2011-03-04,63800.0,64700.04,62500.0,63600.02,794100,78966.7,,
2011-03-07,62800.01,62899.96,60700.0,61600.04,1030500,76483.5,,
2011-03-08,61199.99,62500.0,60800.04,62100.03,813700,77104.3,,
2011-03-09,63600.02,64299.99,62300.02,62699.98,824700,77849.2,,
2011-03-10,62500.0,62800.01,61600.04,62199.98,500000,77228.4,,
2011-03-11,61099.97,62000.0,60800.04,61399.98,473700,76235.1,,
2011-03-14,56999.98,58400.01,55199.99,56900.03,2455600,70647.9,,
2011-03-15,56999.98,58499.96,54300.03,56499.99,1405500,70151.2,,
2011-03-16,56900.03,58900.01,56800.0,58700.02,1043800,72882.8,,
2011-03-17,57499.97,58499.96,56999.98,58499.96,502400,72634.4,,
2011-03-18,57999.97,58299.98,56999.98,57799.98,930800,71765.3,,
2011-03-21,58700.02,60700.0,58600.0,60399.99,1244600,74993.5,,
2011-03-22,61000.01,61300.03,59700.01,60099.98,776100,74621.0,,
2011-03-23,60200.01,60300.04,58600.0,59700.01,642200,74124.4,,
2011-03-24,59400.0,60700.0,58999.96,60300.04,656400,74869.4,,
2011-03-25,61000.01,61199.99,59700.01,60599.97,678100,75241.8,,
2011-03-28,60899.98,62399.97,60899.98,62000.0,753400,76980.1,,
2011-03-29,62300.02,62600.03,61000.01,62199.98,605300,77228.4,,
2011-03-30,62199.98,62600.03,61699.99,62300.02,587300,77352.6,,
2011-03-31,62999.99,65799.98,62899.96,65799.98,1770300,81698.2,,
2011-04-01,65900.0,66899.99,64999.97,66799.96,1081900,82939.8,,
2011-04-04,66700.02,67500.02,65900.0,66099.99,742800,82070.7,,
2011-04-05,66299.97,66799.96,64700.04,65500.04,560100,81325.8,,
2011-04-06,65299.98,65900.0,63800.0,64600.0,620300,80208.3,,
2011-04-07,64299.99,64499.98,63199.97,63699.96,658300,79090.8,,
2011-04-08,63600.02,64900.02,63199.97,64799.99,680500,80456.6,,
2011-04-11,63999.98,64100.01,62199.98,63100.02,1028600,78345.9,,
2011-04-12,63800.0,64299.99,62699.98,62800.01,650400,77973.4,,
2011-04-13,64400.02,65299.98,63999.98,64700.04,970800,80332.5,,
2011-04-14,65100.0,65200.03,63999.98,64900.02,539800,80580.8,,
2011-04-15,64600.0,66000.04,63999.98,65599.99,669200,81449.9,,
2011-04-18,66099.99,66200.02,63600.02,64199.96,798000,79711.6,,
2011-04-19,63499.99,64600.0,62699.98,63499.99,495300,78842.5,,
2011-04-20,63900.03,64199.96,62999.99,63699.96,696400,79090.8,,
2011-04-21,63300.01,63900.03,61699.99,62600.03,1110300,77725.1,,
2011-04-22,62300.02,62600.03,61199.99,61899.97,736500,76855.9,,
2011-04-25,62600.03,64499.98,62500.0,63400.03,1027500,78718.4,,
2011-04-26,63800.0,63900.03,62500.0,63199.97,489700,78470.0,,
2011-04-27,64100.01,64999.97,63400.03,64499.98,1017500,80084.1,,
2011-04-28,64900.02,65299.98,63600.02,64900.02,815500,80580.8,,
2011-04-29,65200.03,65500.04,63400.03,65500.04,892500,81325.8,,
2011-05-02,66400.0,69999.99,65900.0,69800.01,2356500,86664.7,,
2011-05-03,68800.02,69999.99,67200.01,69300.01,1387100,86043.9,,
2011-05-04,70499.98,70900.03,69100.03,69300.01,1111600,86043.9,,
2011-05-06,71299.99,71799.98,69600.03,70400.04,1574900,87409.7,,
2011-05-09,70999.98,71499.97,68200.0,69199.99,776600,85919.7,,
2011-05-11,68099.96,69999.99,67200.01,69100.03,814900,85795.6,,
2011-05-12,70100.02,70699.97,67899.98,67899.98,674000,84305.6,,
2011-05-13,68000.01,68899.97,66700.02,67099.97,486000,83312.3,,
2011-05-16,66299.97,67500.02,65200.03,66500.03,446500,82567.4,,
2011-05-17,67299.96,68500.01,67099.97,67200.01,485200,83436.5,,
2011-05-18,67599.97,69699.98,67500.02,68800.02,557900,85423.1,,
2011-05-19,68399.98,69300.01,67599.97,68399.98,430400,84926.4,,
2011-05-20,69300.01,69300.01,67800.03,67899.98,250900,84305.6,,
2011-05-23,67899.98,67899.98,65100.0,65500.04,467900,81325.8,,
2011-05-24,65700.03,66700.02,64100.01,65799.98,445200,81698.2,,
2011-05-25,65900.0,66000.04,63199.97,63400.03,524300,78718.4,,
2011-05-26,63600.02,64100.01,62600.03,63499.99,567200,78842.5,,
2011-05-27,63800.0,63999.98,62399.97,62800.01,764700,77973.4,,
2011-05-30,63199.97,63600.02,62600.03,62600.03,302200,77725.1,,
2011-05-31,62600.03,63900.03,62600.03,63199.97,314500,78470.0,,
2011-06-01,63300.01,64299.99,62800.01,62999.99,581000,78221.7,,
2011-06-02,62600.03,63400.03,62199.98,62999.99,347700,78221.7,,
2011-06-03,63499.99,63699.96,61899.97,62300.02,468500,77352.6,,
2011-06-07,61600.04,63100.02,61399.98,62800.01,412600,77973.4,,
2011-06-08,63699.96,64600.0,63300.01,63800.0,551400,79215.0,,
2011-06-09,63499.99,65400.01,62699.98,64700.04,572700,80332.5,,
2011-06-10,64700.04,65299.98,63999.98,64100.01,368300,79587.5,,
2011-06-13,64799.99,65100.0,64100.01,64400.02,249300,79960.0,,
2011-06-14,64700.04,65400.01,64299.99,64999.97,374700,80704.9,,
2011-06-15,65599.99,68099.96,65400.01,67099.97,677100,83312.3,,
2011-06-16,67700.0,68000.01,66599.98,67000.03,414800,83188.2,,
2011-06-17,68000.01,68399.98,66099.99,67099.97,366800,83312.3,,
2011-06-20,67599.97,69199.99,67599.97,68600.04,655200,85174.8,,
2011-06-21,69000.0,69300.01,67599.97,68899.97,437900,85547.2,,
2011-06-22,68899.97,69000.0,66799.96,66799.96,762500,82939.8,,
2011-06-23,66000.04,68000.01,65799.98,67299.96,303800,83560.6,,
2011-06-24,69900.04,70400.04,69100.03,70199.97,1227000,87161.3,,
2011-06-27,69999.99,70799.99,69500.0,70199.97,442100,87161.3,,
2011-06-28,70400.04,70499.98,69000.0,70100.02,503200,87037.2,,
2011-06-29,70400.04,70699.97,69699.98,70100.02,332900,87037.2,,
2011-06-30,69600.03,69900.04,68399.98,69699.98,568700,86540.5,,
2011-07-01,70400.04,70600.02,69500.0,70100.02,505700,87037.2,,
2011-07-04,70900.03,73000.03,70900.03,72299.98,917600,89768.7,,
2011-07-05,71999.97,72100.0,71199.96,71700.03,551300,89023.8,,
2011-07-06,71100.01,72100.0,70499.98,71999.97,573300,89396.2,,
2011-07-07,73000.03,73000.03,70699.97,71199.96,647500,88402.9,,
2011-07-08,70799.99,71100.01,69100.03,70699.97,961300,87782.1,,
2011-07-11,70499.98,71700.03,70100.02,71400.02,371300,88651.3,,
2011-07-12,70600.02,71499.97,70400.04,70799.99,308800,87906.3,,
2011-07-13,70499.98,72299.98,69699.98,71999.97,491200,89396.2,,
2011-07-14,71299.99,71299.99,69100.03,69900.04,733700,86788.9,,
2011-07-15,70199.97,70699.97,69399.97,69999.99,316000,86913.0,,
2011-07-18,70499.98,70499.98,68200.0,69000.0,476800,85671.4,,
2011-07-19,68699.99,70400.04,68699.99,70100.02,419700,87037.2,,
2011-07-20,70600.02,71999.97,70600.02,71400.02,616800,88651.3,,
2011-07-21,71700.03,72299.98,71100.01,71400.02,352200,88651.3,,
2011-07-22,71999.97,72100.0,70799.99,71499.97,344800,88775.4,,
2011-07-25,70799.99,71199.96,69999.99,70799.99,328300,87906.3,,
2011-07-26,70699.97,70799.99,68899.97,69199.99,556500,85919.7,,
2011-07-27,69000.0,69300.01,67899.98,68399.98,600700,84926.4,,
2011-07-28,67399.99,68500.01,67000.03,68500.01,564300,85050.6,,
2011-07-29,68000.01,68500.01,67099.97,67200.01,402800,83436.5,,
2011-08-01,67500.02,68300.02,67399.99,67500.02,340600,83809.0,,
2011-08-02,67099.97,67399.99,64900.02,65900.0,902400,81822.4,,
2011-08-03,65200.03,66899.99,64199.96,66000.04,474100,81946.6,,
2011-08-04,66899.99,68300.02,66200.02,67200.01,734900,83436.5,,
2011-08-05,64199.96,66000.04,63999.98,65900.0,712400,81822.4,,
2011-08-08,65100.0,66899.99,62999.99,65200.03,739400,80953.3,,
2011-08-09,64199.96,64499.98,59400.0,64299.99,722600,79835.8,,
2011-08-10,65500.04,67000.03,63100.02,64199.96,769600,79711.6,,
2011-08-11,62000.0,64199.96,61000.01,63300.01,487800,78594.2,,
2011-08-12,63300.01,63499.99,61000.01,61300.03,638600,76111.0,,
2011-08-16,62000.0,62899.96,61399.98,62100.03,557100,77104.3,,
2011-08-17,61800.02,62699.98,61199.99,61800.02,415900,76731.8,,
2011-08-18,61600.04,62000.0,58200.03,58999.96,710000,73255.2,,
2011-08-19,56600.02,56999.98,54699.99,55199.99,605000,68537.1,,
2011-08-22,54300.03,56400.04,53299.96,55699.98,399300,69157.9,,
2011-08-23,56900.03,58299.98,55399.97,57600.01,661800,71517.0,,
2011-08-24,58100.0,58600.0,55399.97,56400.04,444600,70027.1,,
2011-08-25,56699.97,57400.03,55000.0,55399.97,422800,68785.4,,
2011-08-26,54899.97,56400.04,54899.97,56199.98,249500,69778.7,,
2011-08-29,57199.96,58900.01,56300.0,57900.02,668700,71889.5,,
2011-08-30,58600.0,59299.97,57499.97,57700.04,299200,71641.2,,
2011-08-31,57999.97,58700.02,57199.96,58100.0,293200,72137.8,,
2011-09-01,58900.01,59400.0,56300.0,56800.0,690900,70523.7,,
2011-09-02,56400.04,56999.98,55399.97,55500.0,398500,68909.6,,
2011-09-05,54599.96,55000.0,52700.02,53099.98,496200,65929.7,,
2011-09-06,51900.01,55800.01,51600.0,54899.97,678500,68164.6,,
2011-09-07,56100.02,60099.98,55800.01,58999.96,880500,73255.2,,
2011-09-08,59099.99,60300.04,58200.03,59200.02,535500,73503.6,,
2011-09-09,59099.99,59299.97,58299.98,58600.0,193400,72758.6,,
2011-09-14,56400.04,57499.97,55199.99,56199.98,529800,69778.7,,
2011-09-15,57100.01,57600.01,53500.02,55399.97,521900,68785.4,,
2011-09-16,55899.96,56800.0,55699.98,55899.96,325200,69406.2,,
2011-09-19,55699.98,56999.98,53899.98,54399.98,396100,67543.8,,
2011-09-20,53500.02,54599.96,52700.02,53599.97,504700,66550.5,,
2011-09-21,53599.97,54099.96,53099.98,53599.97,324700,66550.5,,
2011-09-22,52200.02,52799.97,49400.04,49749.99,1075800,61770.3,,
2011-09-23,47050.03,47450.0,42300.01,43249.98,1630400,53699.8,,
2011-09-26,44400.01,45200.02,39399.99,41199.99,1389400,51154.5,,
2011-09-27,42699.97,44249.97,42300.01,44249.97,881400,54941.4,,
2011-09-28,43999.97,44350.0,42900.03,42999.98,605500,53389.4,,
2011-09-29,42699.97,43749.98,41350.03,43749.98,962000,54320.6,,
2011-09-30,43900.02,44700.03,43600.01,44200.03,514000,54879.4,,
2011-10-04,40699.99,41199.99,39849.97,40500.01,805900,50285.4,,
2011-10-05,40800.02,41000.01,38049.97,38549.97,815100,47864.2,,
2011-10-06,39950.0,42249.99,39649.99,41850.03,635500,51961.6,,
2011-10-07,42999.98,45450.02,42999.98,44999.96,777600,55872.6,,
2011-10-10,44600.0,45500.03,43850.01,44499.97,394700,55251.8,,
2011-10-11,45849.98,46200.01,44799.98,45099.99,662500,55996.8,,
2011-10-12,44799.98,44799.98,43850.01,44299.98,507800,55003.5,,
2011-10-13,45400.0,50799.99,45299.97,48999.99,1631200,60839.1,,
2011-10-14,48850.03,49499.99,47649.98,48600.03,563100,60342.5,,
2011-10-17,49199.97,50999.97,49199.97,50299.99,778000,62453.2,,
2011-10-18,48500.0,49499.99,48000.0,48500.0,692100,60218.3,,
2011-10-19,49050.01,50400.02,48000.0,49800.0,519300,61832.4,,
2011-10-20,49949.97,49999.98,46300.04,46750.02,626800,58045.5,,
2011-10-21,47599.96,47949.99,45150.0,47000.02,507500,58355.9,,
2011-10-24,48050.02,51299.98,48000.0,51100.0,898000,63446.5,,
2011-10-25,50900.02,51400.01,49999.98,50199.96,374100,62329.0,,
2011-10-26,49249.99,50199.96,48949.98,50199.96,326400,62329.0,,
2011-10-27,50799.99,52099.99,49650.03,52000.04,692000,64564.0,,
2011-10-28,53500.02,54000.02,51600.0,52099.99,798800,64688.1,,
2011-10-31,52299.97,52299.97,49999.98,49999.98,384000,62080.7,,
2011-11-01,48999.99,49749.99,48800.01,49400.04,415700,61335.8,,
2011-11-02,47949.99,48649.97,47200.0,48600.03,357400,60342.5,,
2011-11-03,48600.03,48899.96,47200.0,47800.02,284900,59349.2,,
2011-11-04,48949.98,49199.97,48600.03,49199.97,382500,61087.4,,
2011-11-07,49300.01,49400.04,48649.97,49150.04,188000,61025.4,,
2011-11-08,49249.99,49350.02,47000.02,47099.97,685100,58480.0,,
2011-11-09,47500.01,48000.0,46300.04,46750.02,480400,58045.5,,
2011-11-10,45049.97,45099.99,43150.03,43150.03,661300,53575.7,,
2011-11-11,44200.03,45150.0,43850.01,44849.99,369500,55686.4,,
2011-11-14,45599.99,46149.99,45099.99,45299.97,424600,56245.1,,
2011-11-15,45150.0,45450.02,44200.03,44499.97,261600,55251.8,,
2011-11-16,44799.98,45250.04,43850.01,43900.02,273200,54506.9,,
2011-11-17,43499.98,43749.98,42850.02,43749.98,366500,54320.6,,
2011-11-18,42900.03,43249.98,42499.99,42749.99,396800,53079.0,,
2011-11-21,42499.99,43350.01,42150.04,42699.97,273900,53016.9,,
2011-11-22,41850.03,42449.97,41800.01,42100.03,340300,52272.0,,
2011-11-23,42400.04,43050.0,42050.01,42499.99,531100,52768.6,,
2011-11-24,42600.02,44600.0,41999.99,44150.02,767600,54817.3,,
2011-11-25,43999.97,44650.01,43549.99,43850.01,307100,54444.8,,
2011-11-28,44499.97,45150.0,44400.01,45150.0,356400,56058.9,,
2011-11-29,45500.03,45500.03,44499.97,45500.03,433200,56493.5,,
2011-11-30,45500.03,46550.04,45400.0,45900.0,453600,56990.1,,
2011-12-01,47200.0,47450.0,46649.99,47200.0,639400,58604.2,,
2011-12-02,47099.97,47200.0,45950.01,46700.0,355900,57983.4,,
2011-12-05,47000.02,47050.03,46250.02,47000.02,232900,58355.9,,
2011-12-06,47000.02,47250.01,45500.03,45950.01,317900,57052.2,,
2011-12-07,46200.01,47450.0,45950.01,47450.0,350100,58914.6,,
2011-12-08,47200.0,48899.96,47050.03,48399.97,587100,60094.1,,
2011-12-09,47800.02,48899.96,47349.96,48250.0,364200,59907.9,,
2011-12-12,49100.02,49150.04,48350.03,48800.01,328700,60590.8,,
2011-12-13,48199.99,48199.99,47000.02,47500.01,205700,58976.7,,
2011-12-14,47500.01,47500.01,46000.03,46849.97,229100,58169.6,,
2011-12-15,46399.99,46450.01,45750.03,46049.96,311100,57176.3,,
2011-12-16,46599.97,46649.99,45049.97,45599.99,384800,56617.6,,
2011-12-19,45450.02,45450.02,41500.0,42199.98,823200,52396.1,75253.99125,-22857.89125
2011-12-20,42550.0,43050.0,41899.96,42749.99,438700,53079.0,75119.2241667,-22040.2241667
2011-12-21,43600.01,43850.01,43150.03,43700.04,344300,54258.6,74979.5429167,-20720.9429167
2011-12-22,43700.04,43799.99,43249.98,43700.04,130200,54258.6,74843.4829167,-20584.8829167
2011-12-23,43999.97,44150.02,43600.01,43700.04,298300,54258.6,74712.07875,-20453.47875
2011-12-26,43900.02,44200.03,43400.03,43549.99,186000,54072.3,74559.7220833,-20487.4220833
2011-12-27,43100.01,43799.99,42800.0,42800.0,229300,53141.1,74402.4508333,-21261.3508333
2011-12-28,42600.02,43299.99,42300.01,42400.04,294200,52644.5,74241.04125,-21596.54125
2011-12-29,42100.03,43700.04,42100.03,43499.98,271600,54010.2,74086.8741667,-20076.6741667
2011-12-30,43499.98,43499.98,43499.98,43499.98,0,54010.2,73931.155,-19920.955
2012-01-02,43749.98,44400.01,43249.98,43499.98,267900,54010.2,73787.8520833,-19777.6520833
2012-01-03,43900.02,44900.01,43900.02,44700.03,460900,55500.2,73650.7575,-18150.5575
2012-01-04,44999.96,44999.96,44049.99,44400.01,303200,55127.7,73512.6279167,-18384.9279167
2012-01-05,44400.01,44600.0,43299.99,43999.97,385400,54631.0,73362.0820833,-18731.0820833
2012-01-06,43549.99,44100.0,42699.97,43150.03,307500,53575.7,73193.6883333,-19617.9883333
2012-01-09,42749.99,42800.0,42300.01,42600.02,263400,52892.8,73026.0704167,-20133.2704167
2012-01-10,42850.02,43549.99,42699.97,42900.03,376300,53265.3,72843.9670833,-19578.6670833
2012-01-11,43100.01,43100.01,42100.03,42449.97,473600,52706.5,72662.6395833,-19956.1395833
2012-01-12,42699.97,42850.02,42300.01,42850.02,298200,53203.2,72485.4508333,-19282.2508333
2012-01-13,42999.98,44499.97,42999.98,44499.97,941900,55251.8,72312.1420833,-17060.3420833
2012-01-16,43950.04,45450.02,43549.99,45049.97,727700,55934.7,72152.0254167,-16217.3254167
2012-01-17,45299.97,47149.98,45200.02,47000.02,1036200,58355.9,72019.0691667,-13663.1691667
2012-01-18,46599.97,47050.03,46099.98,46450.01,541400,57673.0,71887.40625,-14214.40625
2012-01-19,46849.97,47699.99,46550.04,47099.97,475600,58480.0,71755.4845833,-13275.4845833
2012-01-20,47300.03,48000.0,47099.97,47550.03,383200,59038.8,71621.7525,-12582.9525
2012-01-23,47550.03,47550.03,47550.03,47550.03,0,59038.8,71482.8470833,-12444.0470833
2012-01-24,47550.03,47550.03,47550.03,47550.03,0,59038.8,71351.7016667,-12312.9016667
2012-01-25,47399.98,48000.0,46649.99,47300.03,338200,58728.4,71223.4016667,-12495.0016667
2012-01-26,47050.03,48999.99,47050.03,48600.03,698500,60342.5,71105.4483333,-10762.9483333
2012-01-27,48899.96,50900.02,48649.97,50299.99,1052000,62453.2,70996.8070833,-8543.60708333
2012-01-30,50700.04,51100.0,49800.0,50600.01,539900,62825.7,70889.7179167,-8064.01791667
2012-01-31,50600.01,52200.02,49699.97,50900.02,565600,63198.2,70790.90625,-7592.70625
2012-02-01,50999.97,54800.02,50900.02,54099.96,1079100,67171.3,70706.0625,-3534.7625
2012-02-02,55800.01,57299.99,55300.01,56400.04,1181800,70027.1,70640.3604167,-613.260416667
2012-02-03,56400.04,56499.99,54399.98,55600.03,532200,69033.8,70606.7333333,-1572.93333333
2012-02-06,56400.04,56400.04,54200.0,55899.96,396400,69406.2,70580.34875,-1174.14875
2012-02-07,55300.01,56100.02,53899.98,54500.01,393200,67668.0,70546.2045833,-2878.20458333
2012-02-08,54899.97,57499.97,54099.96,57100.01,724700,70896.2,70510.5083333,385.691666667
2012-02-09,57700.04,58799.97,56300.0,57499.97,509100,71392.8,70489.8145833,902.985416667
2012-02-10,56699.97,57700.04,56300.0,56900.03,307000,70647.9,70468.60375,179.29625
2012-02-13,56900.03,57100.01,55699.98,56199.98,317100,69778.7,70433.4245833,-654.724583333
2012-02-14,55500.0,57499.97,55500.0,56300.0,426500,69902.9,70395.65875,-492.75875
2012-02-15,56499.99,58299.98,56400.04,57799.98,435500,71765.3,70375.9995833,1389.30041667
2012-02-16,57499.97,57999.97,56499.99,56800.0,331500,70523.7,70348.5804167,175.119583333
2012-02-17,57100.01,58499.96,57100.01,58100.0,534700,72137.8,70324.7829167,1813.01708333
2012-02-20,57499.97,58900.01,56100.02,56600.02,469700,70275.4,70295.8120833,-20.4120833333
2012-02-21,56600.02,56699.97,52400.0,53000.03,1754700,65805.6,70252.3558333,-4446.75583333
2012-02-22,52400.0,53099.98,51700.03,52799.97,743000,65557.2,70231.1445833,-4673.94458333
2012-02-23,52599.98,53299.96,52000.04,52400.0,389000,65060.6,70209.93375,-5149.33375
2012-02-24,51900.01,52799.97,51900.01,52799.97,282700,65557.2,70179.4104167,-4622.21041667
2012-02-27,52500.03,52799.97,49900.03,49999.98,730700,62080.7,70135.4366667,-8054.73666667
2012-02-28,50499.98,52099.99,50400.02,51600.0,510700,64067.3,70103.3616667,-6036.06166667
2012-02-29,52299.97,53899.98,52200.02,52799.97,675100,65557.2,70064.04375,-4506.84375
2012-03-01,52799.97,52799.97,52799.97,52799.97,0,65557.2,70026.2779167,-4469.07791667
2012-03-02,52200.02,53800.03,51700.03,52500.03,382100,65184.8,69989.0295833,-4804.22958333
2012-03-05,52799.97,53599.97,52400.0,53000.03,332800,65805.6,69951.26375,-4145.66375
2012-03-06,52899.99,53200.01,50999.97,51600.0,406000,64067.3,69904.7033333,-5837.40333333
2012-03-07,50999.97,52899.99,50999.97,51600.0,485900,64067.3,69850.9,-5783.6
2012-03-08,52099.99,54899.97,52000.04,54899.97,785200,68164.6,69813.1341667,-1648.53416667
2012-03-09,55500.0,56199.98,54300.03,55600.03,611400,69033.8,69778.4725,-744.6725
2012-03-12,55100.04,56100.02,54300.03,54699.99,201300,67916.3,69721.0479167,-1804.74791667
2012-03-13,55000.0,55500.0,54099.96,54800.02,232400,68040.5,69658.9675,-1618.4675
2012-03-14,55800.01,57100.01,55300.01,56199.98,634200,69778.7,69607.7508333,170.949166667
2012-03-15,56199.98,56800.0,55000.0,55399.97,342900,68785.4,69555.4991667,-770.099166667
2012-03-16,55999.99,56400.04,54500.01,55300.01,352100,68661.3,69507.3866667,-846.086666667
2012-03-19,54899.97,55600.03,53899.98,54599.96,356600,67792.1,69460.30875,-1668.20875
2012-03-20,54099.96,54800.02,53599.97,54099.96,280500,67171.3,69404.9533333,-2233.65333333
2012-03-21,54699.99,54800.02,53099.98,53700.01,259600,66674.7,69356.3233333,-2681.62333333
2012-03-22,53700.01,53700.01,50999.97,51799.98,785100,64315.6,69299.4158333,-4983.81583333
2012-03-23,52000.04,52000.04,50499.98,51499.97,579500,63943.1,69231.1266667,-5288.02666667
2012-03-26,51100.0,51900.01,50100.01,50700.04,481900,62949.9,69157.6645833,-6207.76458333
2012-03-27,51299.98,51600.0,50199.96,50999.97,489600,63322.3,69082.1329167,-5759.83291667
2012-03-28,51100.0,51100.0,49150.04,49300.01,734000,61211.6,69005.0495833,-7793.44958333
2012-03-29,49699.97,50900.02,49600.02,50499.98,551400,62701.5,68937.7954167,-6236.29541667
2012-03-30,51200.03,51400.01,49999.98,49999.98,406800,62080.7,68866.92,-6786.22
2012-04-02,50199.96,51700.03,50199.96,51600.0,407900,64067.3,68810.0125,-4742.7125
2012-04-03,51700.03,52000.04,50999.97,51299.98,388700,63694.8,68755.1745833,-5060.37458333
2012-04-04,51600.0,51799.98,49999.98,50499.98,387900,62701.5,68688.4375,-5986.9375
2012-04-05,50400.02,50499.98,49600.02,49999.98,318700,62080.7,68620.14875,-6539.44875
2012-04-06,50600.01,50900.02,49900.03,49999.98,293500,62080.7,68545.1345833,-6464.43458333
2012-04-09,49949.97,50199.96,48850.03,49050.01,287100,60901.2,68463.13625,-7561.93625
2012-04-10,48800.01,49999.98,48800.01,49699.97,292900,61708.2,68381.39625,-6673.19625
2012-04-11,49699.97,49699.97,49699.97,49699.97,0,61708.2,68277.4108333,-6569.21083333
2012-04-12,49199.97,49800.0,48199.99,49300.01,310900,61211.6,68173.9429167,-6962.34291667
2012-04-13,49749.99,50499.98,49749.99,50499.98,288400,62701.5,68076.6829167,-5375.18291667
2012-04-16,49300.01,49600.02,47849.96,48100.04,801300,59721.7,67961.31625,-8239.61625
2012-04-17,48300.02,48300.02,46800.04,47399.98,520200,58852.5,67848.53625,-8996.03625
2012-04-18,47949.99,48050.02,46649.99,47050.03,398200,58418.0,67734.4629167,-9316.46291667
2012-04-19,47000.02,47750.01,46950.0,47200.0,234600,58604.2,67627.37375,-9023.17375
2012-04-20,47599.96,47699.99,45799.96,46149.99,414800,57300.5,67518.99125,-10218.49125
2012-04-23,46000.03,47200.0,46000.03,46950.0,240000,58293.8,67417.85125,-9124.05125
2012-04-24,46399.99,46700.0,45150.0,45650.0,385600,56679.7,67306.3645833,-10626.6645833
2012-04-25,45900.0,45900.0,44600.0,44950.03,390400,55810.6,67182.9791667,-11372.3791667
2012-04-26,45299.97,45349.99,43400.03,43950.04,452500,54569.0,67056.49,-12487.49
2012-04-27,43950.04,44549.98,43400.03,44150.02,347000,54817.3,66933.6220833,-12116.3220833
2012-04-30,44600.0,45950.01,44100.0,44499.97,476500,55251.8,66824.9804167,-11573.1804167
2012-05-01,44499.97,44499.97,44499.97,44499.97,0,55251.8,66714.7870833,-11462.9870833
2012-05-02,43999.97,45599.99,43999.97,45599.99,320900,56617.6,66622.7004167,-10005.1004167
2012-05-03,45599.99,46000.03,45599.99,45700.02,228600,56741.8,66530.6141667,-9788.81416667
2012-05-04,45700.02,48199.99,45700.02,48199.99,674700,59845.8,66455.0825,-6609.2825
2012-05-07,48699.98,48699.98,47500.01,47750.01,573600,59287.1,66378.2575,-7091.1575
2012-05-08,48199.99,48949.98,47949.99,48350.03,489100,60032.1,66301.4329167,-6269.33291667
2012-05-09,48500.0,49449.97,47949.99,48449.98,330300,60156.2,66226.16,-6069.96
2012-05-10,48000.0,49400.04,48000.0,48999.99,417700,60839.1,66153.7325,-5314.6325
2012-05-11,48999.99,49249.99,47000.02,47500.01,394400,58976.7,66077.16625,-7100.46625
2012-05-14,47450.0,47450.0,45599.99,46599.97,269000,57859.2,65993.3570833,-8134.15708333
2012-05-15,46000.03,46599.97,44950.03,45500.03,425400,56493.5,65898.6841667,-9405.18416667
2012-05-16,44999.96,46599.97,44799.98,44849.99,368100,55686.4,65795.9920833,-10109.5920833
2012-05-17,44950.03,46099.98,44900.01,45799.96,259100,56865.9,65701.31875,-8835.41875
2012-05-18,44950.03,44999.96,43100.01,43600.01,446600,54134.4,65593.7120833,-11459.3120833
2012-05-21,43700.04,44499.97,43700.04,44049.99,194700,54693.1,65485.3295833,-10792.2295833
2012-05-22,45099.99,45099.99,43999.97,44600.0,247400,55376.0,65368.9283333,-9992.92833333
2012-05-23,44299.98,45150.0,43900.02,43999.97,208400,54631.0,65249.94,-10618.94
2012-05-24,44100.0,45650.0,44100.0,44450.03,260600,55189.8,65132.7629167,-9942.96291667
2012-05-25,44799.98,45700.02,44749.96,45200.02,259100,56121.0,65011.7054167,-8890.70541667
2012-05-28,45200.02,45200.02,45200.02,45200.02,0,56121.0,64889.09625,-8768.09625
2012-05-29,45500.03,45799.96,45049.97,45799.96,234000,56865.9,64780.455,-7914.555
2012-05-30,45599.99,45799.96,44849.99,45200.02,213400,56121.0,64666.1233333,-8545.12333333
2012-05-31,44600.0,45599.99,44150.02,45200.02,257300,56121.0,64536.78875,-8415.78875
2012-06-01,45500.03,46300.04,45299.97,45750.03,590300,56803.9,64410.2995833,-7606.39958333
2012-06-04,44950.03,45650.0,44249.97,44499.97,393500,55251.8,64277.8604167,-9026.06041667
2012-06-05,45250.04,47149.98,44650.01,46500.02,391100,57735.1,64155.7683333,-6420.66833333
2012-06-06,46500.02,46500.02,46500.02,46500.02,0,57735.1,64035.7458333,-6300.64583333
2012-06-07,47099.97,47949.99,46200.01,46899.98,469200,58231.7,63915.7229167,-5684.02291667
2012-06-08,47000.02,47099.97,46099.98,46300.04,193600,57486.8,63781.215,-6294.415
2012-06-11,46950.0,47399.98,46700.0,47399.98,218000,58852.5,63655.50125,-4803.00125
2012-06-12,46750.02,46899.98,46300.04,46649.99,319500,57921.3,63524.3558333,-5603.05583333
2012-06-13,47250.01,47300.03,46550.04,46899.98,252500,58231.7,63398.6425,-5166.9425
2012-06-14,46700.0,47250.01,46349.98,47250.01,220300,58666.3,63277.3266667,-4611.02666667
2012-06-15,47349.96,47349.96,46700.0,47300.03,202400,58728.4,63152.6479167,-4424.24791667
2012-06-18,47899.97,48199.99,47300.03,47649.98,364400,59162.9,63032.88375,-3869.98375
2012-06-19,47699.99,47699.99,46849.97,47300.03,324200,58728.4,62905.10125,-4176.70125
2012-06-20,47599.96,47599.96,46950.0,47450.0,224500,58914.6,62788.9583333,-3874.35833333
2012-06-21,47699.99,49449.97,47699.99,49249.99,1127000,61149.5,62681.6104167,-1532.11041667
2012-06-22,49350.02,50299.99,49050.01,49400.04,839100,61335.8,62580.2120833,-1244.41208333
2012-06-25,49850.02,49900.03,48999.99,49199.97,363000,61087.4,62472.0879167,-1384.68791667
2012-06-26,48999.99,49949.97,48999.99,49350.02,258300,61273.7,62358.0145833,-1084.31458333
2012-06-27,49499.99,50299.99,48600.03,49850.02,352100,61894.5,62246.5279167,-352.027916667
2012-06-28,50600.01,51100.0,50299.99,50299.99,400700,62453.2,62136.8520833,316.347916667
2012-06-29,50299.99,50999.97,49850.02,50299.99,424600,62453.2,62030.7975,422.4025
2012-07-02,49699.97,50100.01,48750.0,49699.97,631900,61708.2,61929.91625,-221.71625
2012-07-03,49900.03,51900.01,49800.0,51299.98,709300,63694.8,61841.45125,1853.34875
2012-07-04,50900.02,51799.98,50700.04,51600.0,407000,64067.3,61754.0208333,2313.27916667
2012-07-05,51600.0,51700.03,50999.97,51600.0,196800,64067.3,61673.3158333,2393.98416667
2012-07-06,52099.99,52099.99,50999.97,51700.03,189500,64191.5,61591.57625,2599.92375
2012-07-09,51499.97,52000.04,51200.03,51400.01,351100,63819.0,61516.5620833,2302.43791667
2012-07-10,51499.97,51799.98,50999.97,51400.01,201900,63819.0,61441.0304167,2377.96958333
2012-07-11,51499.97,51700.03,50299.99,50799.99,252800,63074.0,61356.1866667,1717.81333333
2012-07-12,50700.04,51100.0,49800.0,50299.99,369200,62453.2,61275.4816667,1177.71833333
2012-07-13,50499.98,51100.0,49650.03,50299.99,296100,62453.2,61198.3979167,1254.80208333
2012-07-16,50499.98,51799.98,49949.97,51400.01,442100,63819.0,61131.66125,2687.33875
2012-07-17,51400.01,51900.01,50900.02,50999.97,398600,63322.3,61063.3725,2258.9275
2012-07-18,50999.97,52000.04,50799.99,51299.98,609300,63694.8,61001.2916667,2693.50833333
2012-07-19,51799.98,52899.99,51200.03,51799.98,658100,64315.6,60952.1441667,3363.45583333
2012-07-20,52299.97,52899.99,50199.96,50600.01,652100,62825.7,60892.65,1933.05
2012-07-23,49999.98,49999.98,48550.01,49550.0,434900,61522.0,60829.2758333,692.724166667
2012-07-24,49400.04,50400.02,49350.02,49650.03,181800,61646.2,60780.905,865.295
2012-07-25,48699.98,49449.97,48550.01,49100.02,234200,60963.3,60749.3475,213.9525
2012-07-26,49100.02,49400.04,47899.97,48350.03,321000,60032.1,60711.3233333,-679.223333333
2012-07-27,48999.99,49350.02,48399.97,49350.02,341200,61273.7,60668.6429167,605.057083333
2012-07-30,48399.97,49199.97,47550.03,47800.02,692600,59349.2,60624.1516667,-1274.95166667
2012-07-31,47899.97,48449.98,47550.03,48300.02,444300,59970.0,60587.4208333,-617.420833333
2012-08-01,48649.97,49600.02,48449.98,48999.99,447600,60839.1,60550.1725,288.9275
2012-08-02,49350.02,49350.02,48649.97,48999.99,187700,60839.1,60504.1291667,334.970833333
2012-08-03,48550.01,48899.96,48000.0,48350.03,195100,60032.1,60455.7579167,-423.657916667
2012-08-06,48850.03,49100.02,48350.03,48649.97,278000,60404.5,60406.8691667,-2.36916666662
2012-08-07,48800.01,48850.03,48100.04,48600.03,355100,60342.5,60364.4475,-21.9475
2012-08-08,48699.98,49100.02,48100.04,48199.99,425900,59845.8,60326.6816667,-480.881666667
2012-08-09,48300.02,48800.01,48199.99,48750.0,431000,60528.7,60304.1775,224.5225
2012-08-10,48750.0,49199.97,48649.97,49199.97,278300,61087.4,60274.6891667,812.710833333
2012-08-13,49300.01,49650.03,49050.01,49350.02,233900,61273.7,60224.76625,1048.93375
2012-08-14,49650.03,50999.97,49650.03,50600.01,607900,62825.7,60180.275,2645.425
2012-08-15,50600.01,50600.01,50600.01,50600.01,0,62825.7,60138.8879167,2686.81208333
2012-08-16,51200.03,51299.98,49850.02,50299.99,289800,62453.2,60108.365,2344.835
2012-08-17,50199.96,50400.02,48800.01,48949.98,645000,60777.0,60074.9966667,702.003333333
2012-08-20,49100.02,49650.03,48649.97,49499.99,283200,61459.9,60041.8870833,1418.01291667
2012-08-21,49850.02,50100.01,48300.02,48500.0,490500,60218.3,60011.3641667,206.935833333
2012-08-22,48600.03,48800.01,47849.96,48600.03,342500,60342.5,59985.4975,357.0025
2012-08-23,48649.97,49100.02,48250.0,48850.03,286800,60652.9,59960.9241667,691.975833333
2012-08-24,48649.97,48750.0,48000.0,48149.97,263200,59783.7,59952.6466667,-168.946666667
2012-08-27,48300.02,48699.98,48149.97,48500.0,199000,60218.3,59979.8070833,238.492916667
2012-08-28,48250.0,48649.97,47349.96,47800.02,388600,59349.2,60013.9516667,-664.751666667
2012-08-29,47699.99,47750.01,46500.02,46800.04,886700,58107.6,60027.1441667,-1919.54416667
2012-08-30,46500.02,47800.02,46300.04,47450.0,636300,58914.6,60050.1658333,-1135.56583333
2012-08-31,47649.98,48149.97,47149.98,47500.01,342500,58976.7,60069.56625,-1092.86625
2012-09-03,47649.98,48149.97,46849.97,47699.99,216800,59225.0,60087.6729167,-862.672916667
2012-09-04,47949.99,49100.02,47899.97,48600.03,513200,60342.5,60129.5775,212.9225
2012-09-05,48899.96,48999.99,48000.0,48100.04,355100,59721.7,60178.98375,-457.28375
2012-09-06,48350.03,48899.96,48100.04,48750.0,271100,60528.7,60214.68,314.02
2012-09-07,49300.01,49499.99,48949.98,49300.01,360400,61211.6,60236.9258333,974.674166667
2012-09-10,49350.02,49800.0,48999.99,49400.04,277800,61335.8,60262.2758333,1073.52416667
2012-09-11,49150.04,49300.01,48649.97,48899.96,238900,60714.9,60281.9345833,432.965416667
2012-09-12,48800.01,50299.99,48800.01,49999.98,542000,62080.7,60311.4229167,1769.27708333
2012-09-13,49650.03,50199.96,49550.0,49999.98,278800,62080.7,60316.59625,1764.10375
2012-09-14,50700.04,50799.99,48999.99,49249.99,1191200,61149.5,60319.95875,829.54125
2012-09-17,49300.01,49300.01,48100.04,48100.04,1012300,59721.7,60308.5775,-586.8775
2012-09-18,48500.0,48800.01,48250.0,48250.0,377800,59907.9,60307.2841667,-399.384166667
2012-09-19,48350.03,49550.0,48350.03,49499.99,546200,61459.9,60305.7320833,1154.16791667
2012-09-20,50400.02,51299.98,50299.99,50299.99,1260900,62453.2,60324.0975,2129.1025
2012-09-21,50700.04,51299.98,50299.99,50299.99,517300,62453.2,60341.1695833,2112.03041667
2012-09-24,50900.02,51400.01,50199.96,50999.97,534300,63322.3,60340.6520833,2981.64791667
2012-09-25,51200.03,51299.98,49999.98,50100.01,303900,62204.9,60340.135,1864.765
2012-09-26,49449.97,49699.97,49150.04,49550.0,297400,61522.0,60336.7725,1185.2275
2012-09-27,49400.04,50400.02,48899.96,49249.99,340200,61149.5,60322.5454167,826.954583333
2012-09-28,48800.01,48800.01,47250.01,47550.03,999800,59038.8,60299.0066667,-1260.20666667
2012-10-01,47550.03,47550.03,47550.03,47550.03,0,59038.8,60286.3320833,-1247.53208333
2012-10-02,47699.99,48050.02,47450.0,47500.01,367700,58976.7,60276.5025,-1299.8025
2012-10-03,47500.01,47500.01,47500.01,47500.01,0,58976.7,60270.8116667,-1294.11166667
2012-10-04,48149.97,48649.97,48050.02,48300.02,379000,59970.0,60273.3983333,-303.398333333
2012-10-05,48300.02,48800.01,47800.02,47949.99,265400,59535.4,60266.9316667,-731.531666667
2012-10-08,48100.04,48300.02,47250.01,47750.01,354600,59287.1,60259.68875,-972.58875
2012-10-09,47599.96,48449.98,47599.96,48050.02,196400,59659.6,60264.60375,-605.00375
2012-10-10,47849.96,47849.96,47250.01,47250.01,225200,58666.3,60267.1904167,-1600.89041667
2012-10-11,47149.98,47849.96,47000.02,47149.98,224000,58542.1,60287.88375,-1745.78375
2012-10-12,47300.03,47599.96,46349.98,47000.02,228100,58355.9,60299.0066667,-1943.10666667
2012-10-15,46700.0,47300.03,46450.01,46649.99,162300,57921.3,60305.9908333,-2384.69083333
2012-10-16,47099.97,48750.0,46599.97,48199.99,379900,59845.8,60325.1325,-479.3325
2012-10-17,48899.96,49999.98,48699.98,49749.99,616200,61770.3,60355.3966667,1414.90333333
2012-10-18,50499.98,50999.97,49699.97,49749.99,622300,61770.3,60386.4370833,1383.86291667
2012-10-19,50100.01,50199.96,49150.04,49749.99,247500,61770.3,60422.6508333,1347.64916667
2012-10-22,49300.01,49999.98,49100.02,49699.97,343500,61708.2,60458.8645833,1249.33541667
2012-10-23,49900.03,51200.03,49749.99,50100.01,555800,62204.9,60500.2516667,1704.64833333
2012-10-24,49499.99,50799.99,48500.0,49999.98,537800,62080.7,60539.0520833,1541.64791667
2012-10-25,50400.02,51100.0,50199.96,50400.02,587800,62577.4,60571.3858333,2006.01416667
2012-10-26,50499.98,50600.01,48100.04,48850.03,609500,60652.9,60597.2529167,55.6470833334
2012-10-29,49199.97,49650.03,48600.03,48949.98,318600,60777.0,60616.9116667,160.088333333
2012-10-30,49400.04,49499.99,48750.0,48949.98,222000,60777.0,60634.7595833,142.240416667
2012-10-31,49199.97,49300.01,48350.03,48949.98,229100,60777.0,60650.5383333,126.461666667
2012-11-01,48500.0,48899.96,47200.0,47750.01,549800,59287.1,60653.38375,-1366.28375
2012-11-02,48000.0,48199.99,47050.03,47699.99,579400,59225.0,60658.5570833,-1433.55708333
2012-11-05,47699.99,48100.04,47649.98,47800.02,250300,59349.2,60662.6958333,-1313.49583333
2012-11-06,47599.96,48050.02,47599.96,47949.99,193500,59535.4,60673.0425,-1137.6425
2012-11-07,47949.99,48100.04,47099.97,47849.96,372000,59411.2,60675.1116667,-1263.91166667
2012-11-08,47099.97,47599.96,47050.03,47050.03,290700,58418.0,60668.1279167,-2250.12791667
2012-11-09,46800.04,48449.98,46599.97,48199.99,419800,59845.8,60667.8691667,-822.069166667
2012-11-12,48300.02,48399.97,47399.98,47649.98,194600,59162.9,60661.9195833,-1499.01958333
2012-11-13,47849.96,47849.96,46399.99,47450.0,325400,58914.6,60661.6608333,-1747.06083333
2012-11-14,47399.98,47399.98,46700.0,47149.98,235100,58542.1,60663.2129167,-2121.11291667
2012-11-15,46800.04,46800.04,46049.96,46300.04,279100,57486.8,60664.5066667,-3177.70666667
2012-11-16,46049.96,46349.98,44799.98,45099.99,482900,55996.8,60661.92,-4665.12
2012-11-19,45049.97,46000.03,45049.97,45650.0,165400,56679.7,60679.7683333,-4000.06833333
2012-11-20,45950.01,46200.01,45750.03,46000.03,154600,57114.3,60696.5820833,-3582.28208333
2012-11-21,46200.01,46200.01,44900.01,45150.0,192200,56058.9,60704.0833333,-4645.18333333
2012-11-22,45450.02,45900.0,44999.96,45099.99,189100,55996.8,60711.3258333,-4714.52583333
2012-11-23,45250.04,45400.0,43850.01,44249.97,519100,54941.4,60714.1708333,-5772.77083333
2012-11-26,44249.97,44499.97,43400.03,43999.97,356400,54631.0,60716.49875,-6085.49875
2012-11-27,44249.97,44749.96,44200.03,44499.97,309800,55251.8,60725.2933333,-5473.49333333
2012-11-28,44299.98,44799.98,44249.97,44350.0,177400,55065.6,60735.38125,-5669.78125
2012-11-29,44650.01,45150.0,44549.98,44950.03,232000,55810.6,60742.8829167,-4932.28291667
2012-11-30,44799.98,45349.99,44600.0,44950.03,276300,55810.6,60750.3845833,-4939.78458333
2012-12-03,44999.96,44999.96,43950.04,44049.99,387100,54693.1,60753.23,-6060.13
2012-12-04,43799.99,44299.98,43700.04,44299.98,167100,55003.5,60751.1604167,-5747.66041667
2012-12-05,44299.98,45099.99,44150.02,44900.01,258200,55748.5,60753.7470833,-5005.24708333
2012-12-06,44700.03,45150.0,44600.0,44849.99,181300,55686.4,60758.1445833,-5071.74458333
2012-12-07,44650.01,44749.96,43900.02,44249.97,589100,54941.4,60763.835,-5822.435
2012-12-10,44100.0,44799.98,43700.04,43749.98,429700,54320.6,60769.7841667,-6449.18416667
2012-12-11,43799.99,44900.01,43799.99,44900.01,487900,55748.5,60780.1308333,-5031.63083333
2012-12-12,45349.99,45700.02,45099.99,45500.03,505100,56493.5,60795.91,-4302.41
2012-12-13,45450.02,46450.01,45400.0,45950.01,622700,57052.2,60811.9475,-3759.7475
2012-12-14,46200.01,46200.01,45099.99,45500.03,474000,56493.5,60817.12125,-4323.62125
2012-12-17,45349.99,45650.0,44450.03,44950.03,509400,55810.6,60816.6041667,-5006.00416667
2012-12-18,46149.99,46700.0,45549.97,46000.03,1256900,57114.3,60811.4308333,-3697.13083333
2012-12-19,46000.03,46000.03,46000.03,46000.03,0,57114.3,60809.1029167,-3694.80291667
2012-12-20,45750.03,46049.96,45250.04,45299.97,438700,56245.1,60799.7908333,-4554.69083333
2012-12-21,45450.02,45799.96,44749.96,44999.96,358800,55872.6,60786.5983333,-4913.99833333
2012-12-24,45099.99,45200.02,44499.97,44749.96,224700,55562.2,60772.1125,-5209.9125
2012-12-25,44749.96,44749.96,44749.96,44749.96,0,55562.2,60757.6266667,-5195.42666667
2012-12-26,45150.0,45299.97,44900.01,44900.01,212100,55748.5,60745.2104167,-4996.71041667
2012-12-27,44999.96,45349.99,44650.01,45150.0,272500,56058.9,60727.3620833,-4668.46208333
2012-12-28,45299.97,45599.99,45099.99,45299.97,250200,56245.1,60701.495,-4456.395
2012-12-31,45299.97,45299.97,45299.97,45299.97,0,56245.1,60674.0758333,-4428.97583333
2013-01-01,45299.97,45299.97,45299.97,45299.97,0,56245.1,60645.1045833,-4400.00458333
2013-01-02,45700.02,46500.02,45450.02,46500.02,503300,57735.1,60605.7870833,-2870.68708333
2013-01-03,46450.01,47599.96,45950.01,47300.03,795900,58728.4,60558.7091667,-1830.30916667
2013-01-04,47500.01,48899.96,47200.0,48399.97,1112300,60094.1,60521.4604167,-427.360416667
2013-01-07,48399.97,48699.98,47949.99,48399.97,394200,60094.1,60482.66,-388.56
2013-01-08,48100.04,48399.97,47550.03,47649.98,323000,59162.9,60447.2220833,-1284.32208333
2013-01-09,47599.96,47800.02,46950.0,47300.03,309900,58728.4,60396.5229167,-1668.12291667
2013-01-10,47099.97,48649.97,47000.02,48350.03,428800,60032.1,60349.1866667,-317.086666667
2013-01-11,48350.03,48500.0,47800.02,48149.97,211700,59783.7,60303.9191667,-520.219166667
2013-01-14,47949.99,48050.02,47099.97,47550.03,282300,59038.8,60259.1695833,-1220.36958333
2013-01-15,47200.0,48100.04,46899.98,47099.97,252700,58480.0,60211.5741667,-1731.57416667
2013-01-16,47250.01,47399.98,45700.02,45900.0,656000,56990.1,60150.0108333,-3159.91083333
2013-01-17,46049.96,46149.99,45349.99,46000.03,232000,57114.3,60094.1383333,-2979.83833333
2013-01-18,46250.02,46250.02,45500.03,45599.99,360100,56617.6,60029.4708333,-3411.87083333
2013-01-21,45299.97,45650.0,44999.96,45650.0,410300,56679.7,59972.8220833,-3293.12208333
2013-01-22,45500.03,45650.0,45150.0,45400.0,326100,56369.3,59933.5041667,-3564.20416667
2013-01-23,45400.0,45900.0,45049.97,45099.99,360500,55996.8,59893.6691667,-3896.86916667
2013-01-24,45150.0,45200.02,44549.98,44900.01,411000,55748.5,59854.86875,-4106.36875
2013-01-25,44700.03,44900.01,44450.03,44749.96,244300,55562.2,59813.2229167,-4251.02291667
2013-01-28,44799.98,45200.02,44400.01,45200.02,215000,56121.0,59788.3908333,-3667.39083333
2013-01-29,45099.99,45650.0,45099.99,45500.03,312200,56493.5,59756.8333333,-3263.33333333
2013-01-30,45750.03,45900.0,45450.02,45500.03,198400,56493.5,59719.0679167,-3225.56791667
2013-01-31,45950.01,45950.01,45250.04,45450.02,225500,56431.4,59681.04375,-3249.64375
2013-02-01,45150.0,45200.02,44600.0,44650.01,342800,55438.1,59640.4325,-4202.3325
2013-02-04,44749.96,44849.99,44400.01,44450.03,267500,55189.8,59596.2,-4406.4
2013-02-05,43999.97,44200.03,43950.04,43999.97,171600,54631.0,59556.8820833,-4925.88208333
2013-02-06,44100.0,44400.01,43600.01,43900.02,190000,54506.9,59517.0470833,-5010.14708333
2013-02-07,43900.02,44100.0,43650.02,43850.01,176400,54444.8,59459.88125,-5015.08125
2013-02-08,43850.01,44249.97,43650.02,43999.97,217200,54631.0,59399.8695833,-4768.86958333
2013-02-11,43999.97,43999.97,43999.97,43999.97,0,54631.0,59344.5141667,-4713.51416667
2013-02-12,43950.04,44249.97,43799.99,44049.99,109900,54693.1,59288.9,-4595.8
2013-02-13,44150.02,44650.01,44049.99,44650.01,212500,55438.1,59229.1475,-3791.0475
2013-02-14,44700.03,44749.96,44400.01,44700.03,169200,55500.2,59173.7925,-3673.5925
2013-02-15,44700.03,44900.01,43999.97,44200.03,368000,54879.4,59116.3679167,-4236.96791667
2013-02-18,44200.03,44350.0,43999.97,44200.03,159800,54879.4,59062.565,-4183.165
2013-02-19,44100.0,44450.03,44100.0,44200.03,162000,54879.4,59011.34875,-4131.94875
2013-02-20,44400.01,45049.97,44299.98,45049.97,339200,55934.7,58966.59875,-3031.89875
2013-02-21,44799.98,44900.01,44400.01,44450.03,245300,55189.8,58928.5745833,-3738.77458333
2013-02-22,44450.03,44900.01,44450.03,44700.03,221400,55500.2,58893.3958333,-3393.19583333
2013-02-25,44849.99,44900.01,43999.97,44249.97,356700,54941.4,58860.0270833,-3918.62708333
2013-02-26,43950.04,44150.02,43799.99,43950.04,261600,54569.0,58823.555,-4254.555
2013-02-27,43999.97,44100.0,43749.98,43950.04,271200,54569.0,58795.8775,-4226.8775
2013-02-28,44049.99,44299.98,43950.04,44200.03,229600,54879.4,58763.2854167,-3883.88541667
2013-03-01,44200.03,44200.03,44200.03,44200.03,0,54879.4,58733.28,-3853.88
2013-03-04,43999.97,44200.03,43749.98,43799.99,217400,54382.7,58692.9275,-4310.2275
2013-03-05,43950.04,44200.03,43900.02,43999.97,166900,54631.0,58655.1616667,-4024.16166667
2013-03-06,43999.97,44299.98,43850.01,43999.97,314000,54631.0,58621.5345833,-3990.53458333
2013-03-07,44049.99,44100.0,43400.03,43700.04,393000,54258.6,58588.9425,-4330.3425
2013-03-08,43700.04,43700.04,43150.03,43299.99,375500,53761.9,58554.2808333,-4792.38083333
2013-03-11,43299.99,43299.99,42199.98,42499.99,625000,52768.6,58520.395,-5751.795
2013-03-12,42699.97,42749.99,42249.99,42449.97,208400,52706.5,58482.8879167,-5776.38791667
2013-03-13,42449.97,42699.97,41999.99,42249.99,339400,52458.2,58444.34625,-5986.14625
2013-03-14,42249.99,42449.97,41850.03,42249.99,321600,52458.2,58407.87375,-5949.67375
2013-03-15,42400.04,42749.99,41800.01,42150.04,557100,52334.1,58364.67625,-6030.57625
2013-03-18,41850.03,42050.01,41399.97,41550.02,402600,51589.1,58330.7904167,-6741.69041667
2013-03-19,41199.99,41949.98,41199.99,41800.01,282000,51899.5,58301.8195833,-6402.31958333
2013-03-20,41699.98,41949.98,41300.02,41350.03,308300,51340.8,58272.33125,-6931.53125
2013-03-21,41199.99,41550.02,40949.99,41149.97,228500,51092.4,58241.0320833,-7148.63208333
2013-03-22,41050.02,41250.0,40849.96,41199.99,176400,51154.5,58215.42375,-7060.92375
2013-03-25,41149.97,41699.98,40849.96,41050.02,265700,50968.3,58184.9008333,-7216.60083333
2013-03-26,41149.97,41350.03,40599.96,40849.96,441400,50719.9,58160.0683333,-7440.16833333
2013-03-27,40899.97,40899.97,40349.97,40500.01,423300,50285.4,58137.0466667,-7851.64666667
2013-03-28,40550.03,40750.01,40450.0,40599.96,183400,50409.5,58119.7154167,-7710.21541667
2013-03-29,40899.97,41350.03,40750.01,40899.97,271400,50782.0,58102.9016667,-7320.90166667
2013-04-01,41000.01,41050.02,40550.03,40750.01,140300,50595.8,58083.5016667,-7487.70166667
2013-04-02,40800.02,40899.97,40349.97,40399.98,265800,50161.2,58062.2908333,-7901.09083333
2013-04-03,40300.03,40550.03,40000.02,40149.98,277000,49850.8,58034.0958333,-8183.29583333
2013-04-04,40050.03,40050.03,38700.02,39049.96,569200,48485.0,57999.6925,-9514.6925
2013-04-05,39049.96,39049.96,37799.98,38150.01,573400,47367.6,57947.7,-10580.1
2013-04-08,37600.0,37900.01,37299.98,37400.01,412500,46436.4,57894.1554167,-11457.7554167
2013-04-09,37249.97,37400.01,36400.03,36699.96,437000,45567.2,57833.885,-12266.685
2013-04-10,36699.96,37350.0,36650.02,37350.0,249000,46374.3,57776.4604167,-11402.1604167
2013-04-11,37499.97,37900.01,37049.99,37299.98,234600,46312.2,57715.9316667,-11403.7316667
2013-04-12,37400.01,37850.0,36999.97,37100.0,245600,46063.9,57662.1283333,-11598.2283333
2013-04-15,36799.99,36900.02,35350.02,35550.0,603200,44139.4,57604.9625,-13465.5625
2013-04-16,35100.03,35149.96,33000.02,33050.03,1173500,41035.4,57540.55375,-16505.15375
2013-04-17,33050.03,33500.01,30650.01,31599.99,1408500,39235.0,57472.00625,-18237.00625
2013-04-18,31299.97,32500.02,31299.97,31900.0,705200,39607.5,57400.09625,-17792.59625
2013-04-19,31950.02,33800.03,31900.0,33699.99,554300,41842.4,57348.8795833,-15506.4795833
2013-04-22,34000.01,34250.0,32950.0,33500.01,438200,41594.1,57294.3004167,-15700.2004167
2013-04-23,33200.0,33599.96,33099.97,33500.01,199000,41594.1,57236.8758333,-15642.7758333
2013-04-24,33800.03,35699.97,33800.03,35699.97,627600,44325.6,57193.9366667,-12868.3366667
2013-04-25,35400.04,36199.96,35050.01,35699.97,413700,44325.6,57148.6691667,-12823.0691667
2013-04-26,35699.97,35749.99,35100.03,35199.98,259600,43704.8,57096.935,-13392.135
2013-04-29,35100.03,35149.96,34300.02,34300.02,253200,42587.4,57040.545,-14453.145
2013-04-30,34300.02,35300.01,34300.02,35300.01,232100,43829.0,56986.2245833,-13157.2245833
2013-05-01,35300.01,35300.01,35300.01,35300.01,0,43829.0,56935.0079167,-13106.0079167
2013-05-02,35149.96,35800.0,34800.01,35149.96,234600,43642.7,56883.015,-13240.315
2013-05-03,35149.96,35550.0,34800.01,34949.98,193100,43394.4,56827.1420833,-13432.7420833
2013-05-06,35449.97,36249.98,35199.98,35999.98,494900,44698.1,56783.1683333,-12085.0683333
2013-05-07,36300.0,36600.01,35850.02,36549.99,253800,45381.0,56731.6929167,-11350.6929167
2013-05-08,36850.01,36900.02,35999.98,36050.0,286400,44760.2,56677.6308333,-11917.4308333
2013-05-09,36300.0,36900.02,36050.0,36600.01,334600,45443.1,56624.345,-11181.245
2013-05-10,36749.98,36749.98,35949.97,35949.97,192300,44636.0,56570.8,-11934.8
2013-05-13,35999.98,36050.0,35499.99,35499.99,148100,44077.3,56509.2366667,-12431.9366667
2013-05-14,35499.99,36400.03,35499.99,36300.0,177000,45070.6,56455.6920833,-11385.0920833
2013-05-15,36600.01,36650.02,36100.02,36300.0,180600,45070.6,56400.8541667,-11330.2541667
2013-05-16,36300.0,36950.04,36300.0,36850.01,192500,45753.5,56347.0508333,-10593.5508333
2013-05-17,36850.01,36850.01,36850.01,36850.01,0,45753.5,56292.98875,-10539.48875
2013-05-20,36900.02,37249.97,36600.01,36699.96,165000,45567.2,56236.34,-10669.14
2013-05-21,36900.02,37049.99,36650.02,36799.99,214300,45691.4,56182.0191667,-10490.6191667
2013-05-22,36900.02,37200.04,36799.99,36999.97,251700,45939.7,56127.9570833,-10188.2570833
2013-05-23,36799.99,36850.01,35900.03,35949.97,273100,44636.0,56059.1508333,-11423.1508333
2013-05-24,35999.98,36150.03,35199.98,35350.02,219500,43891.1,55986.4645833,-12095.3645833
2013-05-27,35300.01,35999.98,35249.99,35800.0,118900,44449.8,55917.14125,-11467.34125
2013-05-28,35800.0,36650.02,35800.0,36600.01,298000,45443.1,55851.1804167,-10408.0804167
2013-05-29,36600.01,37200.04,36600.01,37100.0,366900,46063.9,55785.2195833,-9721.31958333
2013-05-30,36950.04,36950.04,36150.03,36150.03,178300,44884.4,55712.01625,-10827.61625
2013-05-31,36600.01,36900.02,36199.96,36900.02,178500,45815.6,55642.6929167,-9827.09291667
2013-06-03,36650.02,36900.02,36400.03,36650.02,108900,45505.2,55575.1804167,-10069.9804167
2013-06-04,36600.01,36600.01,35400.04,35499.99,334400,44077.3,55493.4408333,-11416.1408333
2013-06-05,35300.01,35350.02,33699.99,33800.03,484300,41966.6,55401.3545833,-13434.7545833
2013-06-06,33800.03,33800.03,33800.03,33800.03,0,41966.6,55309.2683333,-13342.6683333
2013-06-07,34100.04,34399.97,34000.01,34050.02,225600,42277.0,55217.9579167,-12940.9579167
2013-06-10,34399.97,34399.97,33899.98,34000.01,164400,42214.9,55127.9408333,-12913.0408333
2013-06-11,33550.03,34000.01,33149.98,33149.98,246100,41159.5,55033.52625,-13874.02625
2013-06-12,32849.97,33649.98,32849.97,33000.02,153100,40973.3,54941.44,-13968.14
2013-06-13,33000.02,33349.97,32250.03,32250.03,312700,40042.1,54848.0604167,-14805.9604167
2013-06-14,32349.98,33300.03,32349.98,32599.98,194500,40476.6,54756.49125,-14279.89125
2013-06-17,32049.96,32649.99,32000.03,32099.98,197200,39855.8,54656.6445833,-14800.8445833
2013-06-18,32049.96,32099.98,31349.99,31400.0,304100,38986.7,54555.24625,-15568.54625
2013-06-19,31549.97,31750.03,31299.97,31400.0,190000,38986.7,54452.2958333,-15465.5958333
2013-06-20,31200.02,31250.04,30450.03,30499.97,317200,37869.2,54342.1025,-16472.9025
2013-06-21,29900.02,30350.0,29499.98,30200.04,369000,37496.8,54236.5654167,-16739.7654167
2013-06-24,29950.04,29999.97,29350.01,29350.01,329600,36441.4,54132.0629167,-17690.6629167
2013-06-25,29100.02,29950.04,29100.02,29650.02,310100,36813.9,54028.595,-17214.695
2013-06-26,29799.99,30150.02,29749.98,29900.02,221100,37124.3,53929.2658333,-16804.9658333
2013-06-27,29950.04,30700.03,29699.96,29850.01,346300,37062.2,53833.5579167,-16771.3579167
2013-06-28,30100.01,31450.02,30100.01,30749.97,430400,38179.6,53737.3325,-15557.7325
2013-07-01,30549.98,30749.97,30249.97,30299.98,229000,37620.9,53646.7979167,-16025.8979167
2013-07-02,30600.0,30600.0,30049.99,30450.03,175000,37807.2,53554.4529167,-15747.2529167
2013-07-03,30100.01,30499.97,29799.99,29799.99,237700,37000.1,53455.12375,-16455.02375
2013-07-04,29749.98,29999.97,29549.99,29799.99,185600,37000.1,53355.7945833,-16355.6945833
2013-07-05,29999.97,30299.98,29549.99,29600.01,155700,36751.8,53258.7933333,-16506.9933333
2013-07-08,30100.01,30150.02,29199.97,29499.98,230300,36627.6,53159.7229167,-16532.1229167
2013-07-09,29600.01,29699.96,29150.03,29449.96,192200,36565.5,53060.6520833,-16495.1520833
2013-07-10,29499.98,29650.02,29100.02,29150.03,178500,36193.1,52962.0991667,-16768.9991667
2013-07-11,29249.98,30299.98,29199.97,30299.98,227700,37620.9,52866.65,-15245.75
2013-07-12,30299.98,30299.98,29799.99,30100.01,178800,37372.6,52767.8383333,-15395.2383333
2013-07-15,30100.01,30400.02,29749.98,30400.02,159900,37745.1,52669.8025,-14924.7025
2013-07-16,30650.01,30900.01,30249.97,30450.03,183100,37807.2,52565.55875,-14758.35875
2013-07-17,30450.03,30549.98,29999.97,30400.02,182100,37745.1,52461.05625,-14715.95625
2013-07-18,30249.97,30299.98,29900.02,30100.01,187300,37372.6,52356.55375,-14983.95375
2013-07-19,30150.02,30200.04,29600.01,29749.98,214600,36938.0,52257.2245833,-15319.2245833
2013-07-22,29799.99,30299.98,29799.99,30249.97,198800,37558.8,52157.6366667,-14598.8366667
2013-07-23,30200.04,31200.02,30200.04,31200.02,462600,38738.4,52068.1370833,-13329.7370833
2013-07-24,31049.98,31150.01,30299.98,30499.97,575300,37869.2,51974.4983333,-14105.2983333
2013-07-25,30299.98,30350.0,29600.01,29699.96,604300,36875.9,51875.4275,-14999.5275
2013-07-26,29900.02,30200.04,29749.98,30150.02,497200,37434.7,51782.3066667,-14347.6066667
2013-07-29,29449.96,29749.98,28199.98,28199.98,1737800,35013.5,51677.2866667,-16663.7866667
2013-07-30,35013.53,35013.53,35013.53,35013.53,0,43473.3,51611.1370833,-8137.83708333
2013-07-31,35013.53,35013.53,35013.53,35013.53,0,43473.3,51550.1608333,-8076.86083333
2013-08-01,35013.5,35013.5,35013.5,35013.5,0,35013.5,51450.5729167,-16437.0729167
2013-08-02,35013.5,35013.5,35013.5,35013.5,0,35013.5,51350.72625,-16337.22625
2013-08-05,35013.5,35013.5,35013.5,35013.5,0,35013.5,51249.845,-16236.345
2013-08-06,35013.5,35013.5,35013.5,35013.5,0,35013.5,51144.3075,-16130.8075
2013-08-07,35013.5,35013.5,35013.5,35013.5,0,35013.5,51041.3566667,-16027.8566667
2013-08-08,35013.5,35013.5,35013.5,35013.5,0,35013.5,50935.0433333,-15921.5433333
2013-08-09,35013.5,35013.5,35013.5,35013.5,0,35013.5,50825.8845833,-15812.3845833
2013-08-12,35013.5,35013.5,35013.5,35013.5,0,35013.5,50716.2083333,-15702.7083333
2013-08-13,35013.5,35013.5,35013.5,35013.5,0,35013.5,50609.1191667,-15595.6191667
2013-08-14,35013.5,35013.5,35013.5,35013.5,0,35013.5,50496.3391667,-15482.8391667
2013-08-15,35013.5,35013.5,35013.5,35013.5,0,35013.5,50383.5591667,-15370.0591667
2013-08-16,35013.5,35013.5,35013.5,35013.5,0,35013.5,50274.6591667,-15261.1591667
2013-08-19,35013.5,35013.5,35013.5,35013.5,0,35013.5,50171.7083333,-15158.2083333
2013-08-20,35013.5,35013.5,35013.5,35013.5,0,35013.5,50067.9816667,-15054.4816667
2013-08-21,35013.5,35013.5,35013.5,35013.5,0,35013.5,49957.7883333,-14944.2883333
2013-08-22,35013.5,35013.5,35013.5,35013.5,0,35013.5,49843.45625,-14829.95625
2013-08-23,35013.5,35013.5,35013.5,35013.5,0,35013.5,49729.1241667,-14715.6241667
2013-08-26,35013.5,35013.5,35013.5,35013.5,0,35013.5,49611.1708333,-14597.6708333
2013-08-27,35013.5,35013.5,35013.5,35013.5,0,35013.5,49497.8733333,-14484.3733333
2013-08-28,35013.5,35013.5,35013.5,35013.5,0,35013.5,49387.42125,-14373.92125
2013-08-29,35013.5,35013.5,35013.5,35013.5,0,35013.5,49278.52125,-14265.02125
2013-08-30,35013.5,35013.5,35013.5,35013.5,0,35013.5,49178.4158333,-14164.9158333
2013-09-02,35013.5,35013.5,35013.5,35013.5,0,35013.5,49078.3104167,-14064.8104167
2013-09-03,35013.5,35013.5,35013.5,35013.5,0,35013.5,48978.46375,-13964.96375
2013-09-04,35013.5,35013.5,35013.5,35013.5,0,35013.5,48878.6170833,-13865.1170833
2013-09-05,35013.5,35013.5,35013.5,35013.5,0,35013.5,48774.6316667,-13761.1316667
2013-09-06,35013.5,35013.5,35013.5,35013.5,0,35013.5,48672.4570833,-13658.9570833
2013-09-09,35013.5,35013.5,35013.5,35013.5,0,35013.5,48571.3170833,-13557.8170833
2013-09-10,35013.5,35013.5,35013.5,35013.5,0,35013.5,48468.625,-13455.125
2013-09-11,35013.5,35013.5,35013.5,35013.5,0,35013.5,48370.0716667,-13356.5716667
2013-09-12,35013.5,35013.5,35013.5,35013.5,0,35013.5,48272.0358333,-13258.5358333
2013-09-13,35013.5,35013.5,35013.5,35013.5,0,35013.5,48174.7758333,-13161.2758333
2013-09-16,33500.0,36600.0,33450.0,36600.0,3934900,36600.0,48085.9370833,-11485.9370833
2013-09-17,36900.0,37450.0,35550.0,36000.0,1606200,36000.0,47986.5795833,-11986.5795833
2013-09-20,36000.0,36000.0,36000.0,36000.0,0,36000.0,47879.2033333,-11879.2033333
2013-09-23,36000.0,36550.0,35600.0,36200.0,625200,36200.0,47772.6604167,-11572.6604167
2013-09-24,36300.0,37700.0,36300.0,37650.0,1038700,37650.0,47672.1591667,-10022.1591667
2013-09-25,37950.0,38800.0,37650.0,38400.0,912400,38400.0,47575.0416667,-9175.04166667
2013-09-26,38400.0,39400.0,38400.0,38950.0,884600,38950.0,47478.14625,-8528.14625
2013-09-27,39100.0,39600.0,38050.0,38150.0,629500,38150.0,47378.435,-9228.435
2013-09-30,38500.0,38500.0,36850.0,37750.0,610100,37750.0,47274.9875,-9524.9875
2013-10-01,37000.0,37500.0,36350.0,36450.0,619000,36450.0,47174.1420833,-10724.1420833
2013-10-02,36650.0,36950.0,35650.0,36000.0,497400,36000.0,47070.9045833,-11070.9045833
2013-10-03,36000.0,36000.0,36000.0,36000.0,0,36000.0,46967.6670833,-10967.6670833
2013-10-04,35600.0,35750.0,34300.0,34300.0,736600,34300.0,46857.34625,-12557.34625
2013-10-07,33950.0,34650.0,33550.0,33750.0,499200,33750.0,46750.9416667,-13000.9416667
2013-10-08,33550.0,34900.0,33550.0,34900.0,554300,34900.0,46649.5875,-11749.5875
2013-10-09,34900.0,34900.0,34900.0,34900.0,0,34900.0,46547.7158333,-11647.7158333
2013-10-10,34850.0,36000.0,34850.0,35800.0,503800,35800.0,46448.8183333,-10648.8183333
2013-10-11,36000.0,36350.0,34700.0,34700.0,650200,34700.0,46345.855,-11645.855
2013-10-14,34700.0,34850.0,34150.0,34300.0,264400,34300.0,46245.3633333,-11945.3633333
2013-10-15,34400.0,35000.0,34150.0,34200.0,259400,34200.0,46138.5058333,-11938.5058333
2013-10-16,34100.0,34700.0,33850.0,33950.0,238600,33950.0,46033.4520833,-12083.4520833
2013-10-17,34250.0,34400.0,32500.0,33000.0,525300,33000.0,45925.4745833,-12925.4745833
2013-10-18,32900.0,35000.0,32750.0,35000.0,539000,35000.0,45827.3825,-10827.3825
2013-10-21,35100.0,35800.0,34650.0,35750.0,490300,35750.0,45736.8125,-9986.8125
2013-10-22,35600.0,36950.0,35600.0,36950.0,808900,36950.0,45657.4508333,-8707.45083333
2013-10-23,37100.0,37700.0,36750.0,36900.0,916400,36900.0,45575.0354167,-8675.03541667
2013-10-24,37100.0,38850.0,37100.0,38750.0,1092800,38750.0,45498.5175,-6748.5175
2013-10-25,38850.0,39050.0,37850.0,38500.0,837500,38500.0,45425.3554167,-6925.35541667
2013-10-28,38650.0,39150.0,37600.0,37700.0,483900,37700.0,45349.11875,-7649.11875
2013-10-29,37600.0,38450.0,37150.0,38100.0,339000,38100.0,45278.94625,-7178.94625
2013-10-30,38150.0,38450.0,37700.0,38400.0,310900,38400.0,45211.3170833,-6811.31708333
2013-10-31,36150.0,36800.0,34050.0,34050.0,3087300,34050.0,45122.97625,-11072.97625
2013-11-01,34050.0,34500.0,33050.0,33500.0,1128800,33500.0,45033.1195833,-11533.1195833
2013-11-04,33650.0,34400.0,33450.0,33650.0,634600,33650.0,44940.78375,-11290.78375
2013-11-05,33300.0,33800.0,33300.0,33500.0,334700,33500.0,44847.8229167,-11347.8229167
2013-11-06,33350.0,33650.0,33050.0,33350.0,283300,33350.0,44758.8933333,-11408.8933333
2013-11-07,33200.0,33350.0,32750.0,33150.0,397200,33150.0,44667.8370833,-11517.8370833
2013-11-08,32900.0,33050.0,32650.0,32900.0,308100,32900.0,44572.635,-11672.635
2013-11-11,32850.0,33050.0,31050.0,31100.0,618900,31100.0,44470.1916667,-13370.1916667
2013-11-12,31500.0,31750.0,30600.0,31100.0,380500,31100.0,44370.8525,-13270.8525
2013-11-13,31050.0,31600.0,30250.0,30300.0,466500,30300.0,44270.7666667,-13970.7666667
2013-11-14,30350.0,30550.0,29850.0,30050.0,313100,30050.0,44163.6895833,-14113.6895833
2013-11-15,30050.0,30600.0,29450.0,29650.0,540200,29650.0,44051.8416667,-14401.8416667
2013-11-18,29700.0,30400.0,28950.0,29050.0,650300,29050.0,43935.1658333,-14885.1658333
2013-11-19,29100.0,30050.0,29000.0,29200.0,685600,29200.0,43821.4429167,-14621.4429167
2013-11-20,29400.0,29900.0,29250.0,29600.0,492600,29600.0,43712.2320833,-14112.2320833
2013-11-21,29650.0,29700.0,29100.0,29150.0,326500,29150.0,43595.7141667,-14445.7141667
2013-11-22,29350.0,29350.0,28750.0,28900.0,357600,28900.0,43478.1545833,-14578.1545833
2013-11-25,28950.0,29750.0,28950.0,29550.0,428100,29550.0,43366.925,-13816.925
2013-11-26,29600.0,30500.0,29200.0,30450.0,601100,30450.0,43260.9975,-12810.9975
2013-11-27,30300.0,30550.0,29600.0,30250.0,550200,30250.0,43155.53,-12905.53
2013-11-28,30000.0,30550.0,29900.0,30500.0,316400,30500.0,43051.1041667,-12551.1041667
2013-11-29,30400.0,30750.0,30300.0,30450.0,190400,30450.0,42945.69375,-12495.69375
2013-12-02,30350.0,30900.0,30250.0,30250.0,178300,30250.0,42838.1566667,-12588.1566667
2013-12-03,30100.0,30150.0,29050.0,29400.0,383200,29400.0,42726.3020833,-13326.3020833
2013-12-04,29000.0,29500.0,29000.0,29300.0,151700,29300.0,42614.0308333,-13314.0308333
2013-12-05,29500.0,29550.0,29150.0,29300.0,153200,29300.0,42501.7595833,-13201.7595833
2013-12-06,29200.0,29600.0,29200.0,29300.0,193800,29300.0,42383.28,-13083.28
2013-12-09,29600.0,29600.0,29300.0,29450.0,141200,29450.0,42261.2866667,-12811.2866667
2013-12-10,29550.0,29600.0,29300.0,29300.0,136800,29300.0,42132.9779167,-12832.9779167
2013-12-11,29150.0,29550.0,29150.0,29350.0,160100,29350.0,42004.8775,-12654.8775
2013-12-12,29300.0,29300.0,28500.0,28500.0,373400,28500.0,41877.1154167,-13377.1154167
2013-12-13,28300.0,28350.0,26850.0,27250.0,666500,27250.0,41745.9554167,-14495.9554167
2013-12-16,27250.0,28050.0,27150.0,27850.0,208000,27850.0,41611.8633333,-13761.8633333
2013-12-17,27900.0,28500.0,27900.0,28000.0,273000,28000.0,41479.43125,-13479.43125
2013-12-18,28000.0,29800.0,28000.0,29350.0,770400,29350.0,41355.7279167,-12005.7279167
2013-12-19,29800.0,29950.0,28100.0,28400.0,513000,28400.0,41230.3945833,-12830.3945833
2013-12-20,28400.0,28700.0,27500.0,28150.0,560900,28150.0,41110.2275,-12960.2275
2013-12-23,28350.0,29000.0,28000.0,29000.0,317700,29000.0,40993.0845833,-11993.0845833
2013-12-24,29050.0,29450.0,28900.0,29250.0,242600,29250.0,40879.0529167,-11629.0529167
2013-12-25,29250.0,29250.0,29250.0,29250.0,0,29250.0,40764.7625,-11514.7625
2013-12-26,29250.0,29350.0,28600.0,28600.0,235300,28600.0,40649.0570833,-12049.0570833
2013-12-27,28500.0,30400.0,28500.0,30300.0,627500,30300.0,40541.9870833,-10241.9870833
2013-12-30,30600.0,31650.0,30500.0,31200.0,727100,31200.0,40439.7016667,-9239.70166667
2013-12-31,31200.0,31200.0,31200.0,31200.0,0,31200.0,40338.1925,-9138.1925
2014-01-01,31200.0,31200.0,31200.0,31200.0,0,31200.0,40234.355,-9034.355
2014-01-02,31500.0,31650.0,30800.0,31200.0,288800,31200.0,40128.9654167,-8928.96541667
2014-01-03,30900.0,31000.0,30350.0,30800.0,223100,30800.0,40021.9091667,-9221.90916667
2014-01-06,30500.0,31850.0,30500.0,31300.0,433500,31300.0,39917.195,-8617.195
2014-01-07,31000.0,31900.0,31000.0,31200.0,330800,31200.0,39816.2029167,-8616.20291667
2014-01-08,31250.0,32200.0,31250.0,32000.0,541300,32000.0,39719.57875,-7719.57875
2014-01-09,32000.0,32200.0,31650.0,31800.0,318700,31800.0,39624.4495833,-7824.44958333
2014-01-10,32300.0,33200.0,32200.0,32800.0,689400,32800.0,39534.0041667,-6734.00416667
2014-01-13,32800.0,33050.0,31800.0,32600.0,362300,32600.0,39442.9841667,-6842.98416667
2014-01-14,32200.0,33350.0,32150.0,33100.0,385200,33100.0,39353.2716667,-6253.27166667
2014-01-15,33100.0,33500.0,32850.0,33500.0,250400,33500.0,39265.2258333,-5765.22583333
2014-01-16,33500.0,33800.0,33150.0,33500.0,214100,33500.0,39176.92125,-5676.92125
2014-01-17,33500.0,33500.0,32650.0,32750.0,246200,32750.0,39082.3875,-6332.3875
2014-01-20,32500.0,33500.0,32000.0,33350.0,234000,33350.0,38990.095,-5640.095
2014-01-21,33150.0,33300.0,33000.0,33200.0,165800,33200.0,38899.7641667,-5699.76416667
2014-01-22,33100.0,33650.0,32900.0,33600.0,187600,33600.0,38811.1,-5211.1
2014-01-23,33800.0,34000.0,33400.0,33500.0,223900,33500.0,38722.0191667,-5222.01916667
2014-01-24,33400.0,33850.0,32850.0,33800.0,331300,33800.0,38629.79125,-4829.79125
2014-01-27,33050.0,33700.0,32900.0,32900.0,402100,32900.0,38536.9170833,-5636.91708333
2014-01-28,32900.0,33150.0,32700.0,32900.0,247600,32900.0,38442.7495833,-5542.74958333
2014-01-29,32950.0,35350.0,32950.0,35350.0,1031900,35350.0,38361.11875,-3011.11875
2014-01-30,35350.0,35350.0,35350.0,35350.0,0,35350.0,38281.0395833,-2931.03958333
2014-01-31,35350.0,35350.0,35350.0,35350.0,0,35350.0,38200.9604167,-2850.96041667
2014-02-03,35250.0,35800.0,34900.0,35700.0,489900,35700.0,38121.04625,-2421.04625
2014-02-04,35150.0,35400.0,34400.0,34400.0,524200,34400.0,38035.7154167,-3635.71541667
2014-02-05,34600.0,35950.0,34350.0,35700.0,598400,35700.0,37957.8708333,-2257.87083333
2014-02-06,35900.0,36500.0,34750.0,34750.0,492000,34750.0,37875.0333333,-3125.03333333
2014-02-07,35050.0,35450.0,34050.0,34500.0,377200,34500.0,37791.1541667,-3291.15416667
2014-02-10,34500.0,35050.0,34450.0,34650.0,167700,34650.0,37709.4516667,-3059.45166667
2014-02-11,35000.0,35000.0,33750.0,33900.0,319300,33900.0,37626.69375,-3726.69375
2014-02-12,34000.0,34200.0,33250.0,33300.0,378500,33300.0,37545.5745833,-4245.57458333
2014-02-13,33450.0,34150.0,33350.0,33550.0,235200,33550.0,37465.7558333,-3915.75583333
2014-02-14,33600.0,34700.0,33600.0,34550.0,264500,34550.0,37391.1383333,-2841.13833333
2014-02-17,34700.0,35000.0,34200.0,35000.0,152500,35000.0,37318.3958333,-2318.39583333
2014-02-18,35000.0,35100.0,34200.0,34500.0,175300,34500.0,37244.0870833,-2744.08708333
2014-02-19,34550.0,34600.0,33700.0,33950.0,222600,33950.0,37170.5908333,-3220.59083333
2014-02-20,33800.0,33900.0,32900.0,32900.0,350500,32900.0,37091.42625,-4191.42625
2014-02-21,33150.0,34550.0,33100.0,34400.0,392600,34400.0,37020.8395833,-2620.83958333
2014-02-24,34400.0,34450.0,33750.0,33750.0,142400,33750.0,36948.5795833,-3198.57958333
2014-02-25,33850.0,34800.0,33850.0,34650.0,184900,34650.0,36879.8108333,-2229.81083333
2014-02-26,34400.0,34750.0,34100.0,34450.0,175300,34450.0,36810.9845833,-2360.98458333
2014-02-27,34300.0,35000.0,34200.0,35000.0,317500,35000.0,36745.485,-1745.485
2014-02-28,35100.0,35750.0,34400.0,34550.0,509200,34550.0,36679.9208333,-2129.92083333
2014-03-03,34250.0,34950.0,34150.0,34200.0,262900,34200.0,36612.38125,-2412.38125
2014-03-04,34000.0,34350.0,33500.0,33950.0,332000,33950.0,36542.2479167,-2592.24791667
2014-03-05,34300.0,35900.0,34300.0,35900.0,657100,35900.0,36481.0154167,-581.015416667
2014-03-06,36200.0,37800.0,35950.0,37600.0,1072800,37600.0,36428.6770833,1171.32291667
2014-03-07,37600.0,38200.0,37350.0,37650.0,523200,37650.0,36377.8404167,1272.15958333
2014-03-10,37800.0,38600.0,37500.0,38000.0,567900,38000.0,36334.1529167,1665.84708333
2014-03-11,38000.0,38500.0,37550.0,38050.0,354700,38050.0,36295.3295833,1754.67041667
2014-03-12,38000.0,38300.0,37400.0,37400.0,292900,37400.0,36257.6779167,1142.32208333
2014-03-13,38000.0,39100.0,37450.0,39000.0,877500,39000.0,36230.3145833,2769.68541667
2014-03-14,38450.0,38450.0,35600.0,35700.0,1184700,35700.0,36185.8383333,-485.838333333
2014-03-17,35400.0,36400.0,34450.0,36300.0,733400,36300.0,36144.1208333,155.879166667
2014-03-18,36900.0,37550.0,36450.0,36750.0,769200,36750.0,36105.3129167,644.687083333
2014-03-19,36900.0,37900.0,36900.0,37250.0,297000,37250.0,36076.6070833,1173.39291667
2014-03-20,37250.0,37450.0,37000.0,37000.0,212900,37000.0,36059.7929167,940.207083333
2014-03-21,37550.0,38850.0,37350.0,38500.0,912700,38500.0,36056.7304167,2443.26958333
2014-03-24,38250.0,38700.0,37500.0,38200.0,450200,38200.0,36050.8658333,2149.13416667
2014-03-25,38200.0,38700.0,37450.0,37500.0,327500,37500.0,36032.7725,1467.2275
2014-03-26,37950.0,38500.0,37050.0,37050.0,363000,37050.0,36013.83875,1036.16125
2014-03-27,37200.0,37600.0,36800.0,37400.0,244600,37400.0,35996.3633333,1403.63666667
2014-03-28,37400.0,38550.0,37200.0,38400.0,334000,38400.0,35971.6733333,2428.32666667
2014-03-31,38350.0,39200.0,37450.0,38550.0,478200,38550.0,35947.6083333,2602.39166667
2014-04-01,38100.0,38500.0,37550.0,38300.0,376800,38300.0,35925.0883333,2374.91166667
2014-04-02,38500.0,38750.0,38100.0,38600.0,277400,38600.0,35908.4741667,2691.52583333
2014-04-03,38600.0,38800.0,37900.0,37950.0,383700,37950.0,35883.9783333,2066.02166667
2014-04-04,37800.0,38250.0,37500.0,37750.0,404400,37750.0,35858.6491667,1891.35083333
2014-04-07,37650.0,38000.0,37000.0,37050.0,278700,37050.0,35831.1795833,1218.82041667
2014-04-08,37000.0,37200.0,36250.0,36250.0,554900,36250.0,35801.41125,448.58875
2014-04-09,36650.0,37200.0,36450.0,36650.0,477600,36650.0,35767.8775,882.1225
2014-04-10,37150.0,37500.0,36750.0,37350.0,393200,37350.0,35734.415,1615.585
2014-04-11,36700.0,36950.0,36550.0,36950.0,362800,36950.0,35701.8725,1248.1275
2014-04-14,37200.0,37200.0,35950.0,36000.0,541100,36000.0,35662.52625,337.47375
2014-04-15,36200.0,36350.0,34750.0,35000.0,1082200,35000.0,35622.37625,-622.37625
2014-04-16,35300.0,35400.0,34850.0,35000.0,418100,35000.0,35584.5541667,-584.554166667
2014-04-17,34800.0,35100.0,34000.0,34150.0,854900,34150.0,35539.0516667,-1389.05166667
2014-04-18,34300.0,34500.0,33750.0,34450.0,504800,34450.0,35494.7991667,-1044.79916667
2014-04-21,34400.0,34800.0,34350.0,34600.0,339300,34600.0,35448.32625,-848.32625
2014-04-22,34750.0,34750.0,34050.0,34200.0,340200,34200.0,35400.1866667,-1200.18666667
2014-04-23,34350.0,34600.0,34050.0,34100.0,309600,34100.0,35352.4066667,-1252.40666667
2014-04-24,34150.0,34400.0,33600.0,33800.0,337300,33800.0,35302.8591667,-1502.85916667
2014-04-25,33800.0,33800.0,32650.0,32700.0,709400,32700.0,35247.69375,-2547.69375
2014-04-28,32550.0,33200.0,32550.0,32750.0,254300,32750.0,35198.16875,-2448.16875
2014-04-29,32700.0,33650.0,32700.0,32800.0,374000,32800.0,35151.9558333,-2351.95583333
2014-04-30,33150.0,33450.0,33000.0,33300.0,230700,33300.0,35105.4983333,-1805.49833333
2014-05-01,33300.0,33300.0,33300.0,33300.0,0,33300.0,35054.9020833,-1754.90208333
2014-05-02,33400.0,33400.0,32050.0,32050.0,395800,32050.0,34996.5108333,-2946.51083333
2014-05-05,32050.0,32050.0,32050.0,32050.0,0,32050.0,34943.0341667,-2893.03416667
2014-05-06,32050.0,32050.0,32050.0,32050.0,0,32050.0,34885.6775,-2835.6775
2014-05-07,32000.0,32750.0,31100.0,32400.0,407000,32400.0,34831.0725,-2431.0725
2014-05-08,32500.0,33350.0,32500.0,32850.0,479300,32850.0,34784.2920833,-1934.29208333
2014-05-09,33000.0,33200.0,32800.0,33000.0,203500,33000.0,34746.93125,-1746.93125
2014-05-12,32950.0,32950.0,32100.0,32350.0,331000,32350.0,34706.8620833,-2356.86208333
2014-05-13,32350.0,32800.0,32300.0,32750.0,216600,32750.0,34667.16625,-1917.16625
2014-05-14,32900.0,33550.0,32850.0,33550.0,356900,33550.0,34631.0625,-1081.0625
2014-05-15,33550.0,33700.0,33150.0,33450.0,240200,33450.0,34598.9395833,-1148.93958333
2014-05-16,33500.0,33500.0,32900.0,33400.0,342100,33400.0,34567.3841667,-1167.38416667
2014-05-19,33300.0,33600.0,33100.0,33400.0,316700,33400.0,34539.70875,-1139.70875
2014-05-20,33450.0,34250.0,33450.0,33750.0,532500,33750.0,34511.68125,-761.68125
2014-05-21,34050.0,34200.0,33550.0,33950.0,326100,33950.0,34487.07375,-537.07375
2014-05-22,34550.0,34600.0,34000.0,34200.0,319300,34200.0,34467.1291667,-267.129166667
2014-05-23,34400.0,34400.0,33800.0,34000.0,236200,34000.0,34446.35125,-446.35125
2014-05-26,33950.0,34200.0,33750.0,33800.0,144900,33800.0,34429.39625,-629.39625
2014-05-27,33750.0,33950.0,33150.0,33700.0,318000,33700.0,34413.57625,-713.57625
2014-05-28,33500.0,33700.0,33450.0,33600.0,128200,33600.0,34401.7370833,-801.737083333
2014-05-29,33600.0,33600.0,33200.0,33300.0,225500,33300.0,34387.0958333,-1087.09583333
2014-05-30,33450.0,33900.0,33150.0,33350.0,322600,33350.0,34371.3695833,-1021.36958333
2014-06-02,33600.0,34350.0,33600.0,34150.0,477300,34150.0,34359.2354167,-209.235416667
2014-06-03,34150.0,34450.0,33700.0,34050.0,396200,34050.0,34342.02875,-292.02875
2014-06-04,34050.0,34050.0,34050.0,34050.0,0,34050.0,34327.15,-277.15
2014-06-05,33900.0,34300.0,33600.0,34250.0,374200,34250.0,34312.3283333,-62.3283333333
2014-06-06,34250.0,34250.0,34250.0,34250.0,0,34250.0,34300.8695833,-50.8695833333
2014-06-09,34350.0,35150.0,34250.0,34900.0,556700,34900.0,34292.1191667,607.880833333
2014-06-10,35050.0,35350.0,34750.0,35000.0,457900,35000.0,34284.82,715.18
2014-06-11,33900.0,35050.0,33100.0,34950.0,1131100,34950.0,34277.83,672.17
2014-06-12,34850.0,35300.0,34300.0,34750.0,388700,34750.0,34270.2654167,479.734583333
2014-06-13,34050.0,35000.0,33700.0,34200.0,546900,34200.0,34261.9608333,-61.9608333333
2014-06-16,33800.0,34000.0,33200.0,33450.0,540500,33450.0,34244.5820833,-794.582083333
2014-06-17,33650.0,33650.0,33000.0,33550.0,366800,33550.0,34228.6545833,-678.654583333
2014-06-18,33100.0,33500.0,32600.0,32750.0,314900,32750.0,34207.8416667,-1457.84166667
2014-06-19,32600.0,33400.0,32550.0,33150.0,170100,33150.0,34188.4366667,-1038.43666667
2014-06-20,33150.0,33600.0,32700.0,33300.0,412300,33300.0,34169.9154167,-869.915416667
2014-06-23,33150.0,33700.0,33150.0,33650.0,175500,33650.0,34154.4045833,-504.404583333
2014-06-24,33400.0,33800.0,33400.0,33800.0,138100,33800.0,34141.3295833,-341.329583333
2014-06-25,33650.0,33900.0,33300.0,33350.0,158800,33350.0,34123.7929167,-773.792916667
2014-06-26,33350.0,33600.0,32750.0,32850.0,253600,32850.0,34099.2579167,-1249.25791667
2014-06-27,33150.0,33300.0,32650.0,32750.0,199500,32750.0,34077.9279167,-1327.92791667
2014-06-30,32600.0,33400.0,32600.0,33400.0,159700,33400.0,34063.445,-663.445
2014-07-01,33150.0,33600.0,33050.0,33450.0,133100,33450.0,34046.8420833,-596.842083333
2014-07-02,33450.0,33950.0,33450.0,33700.0,241100,33700.0,34041.3691667,-341.369166667
2014-07-03,35100.0,35500.0,34600.0,34600.0,777200,34600.0,34004.3970833,595.602916667
2014-07-04,34900.0,35150.0,34150.0,34650.0,433300,34650.0,33967.6333333,682.366666667
2014-07-07,34950.0,34950.0,34450.0,34600.0,143300,34600.0,33965.9104167,634.089583333
2014-07-08,34500.0,35050.0,34050.0,34250.0,226500,34250.0,33962.7291667,287.270833333
2014-07-09,34100.0,34400.0,33850.0,34150.0,137800,34150.0,33959.13125,190.86875
2014-07-10,34300.0,34700.0,34100.0,34200.0,158700,34200.0,33955.7416667,244.258333333
2014-07-11,34000.0,34100.0,33100.0,33250.0,277400,33250.0,33948.39375,-698.39375
2014-07-14,33300.0,33950.0,32700.0,33950.0,217600,33950.0,33943.9625,6.03750000001
2014-07-15,33950.0,34150.0,33650.0,33650.0,220800,33650.0,33938.28125,-288.28125
2014-07-16,33500.0,33800.0,33050.0,33100.0,161500,33100.0,33930.3083333,-830.308333333
2014-07-17,33150.0,34100.0,33150.0,34100.0,332100,34100.0,33926.5020833,173.497916667
2014-07-18,33700.0,34600.0,33700.0,34550.0,277000,34550.0,33924.5708333,625.429166667
2014-07-21,34600.0,35100.0,34300.0,35000.0,292900,35000.0,33924.5145833,1075.48541667
2014-07-22,35100.0,35200.0,34400.0,34550.0,229000,34550.0,33922.5833333,627.416666667
2014-07-23,34600.0,35100.0,34350.0,34850.0,290000,34850.0,33921.9020833,928.097916667
2014-07-24,35200.0,35200.0,34850.0,34850.0,170400,34850.0,33921.2208333,928.779166667
2014-07-25,34650.0,35000.0,34350.0,34850.0,179000,34850.0,33920.5395833,929.460416667
2014-07-28,34900.0,35200.0,34500.0,35100.0,229700,35100.0,33920.9,1179.1
2014-07-29,35400.0,36100.0,35300.0,35950.0,568100,35950.0,33924.8020833,2025.19791667
2014-07-30,36350.0,36650.0,35350.0,35450.0,574600,35450.0,33926.6208333,1523.37916667
2014-07-31,35650.0,36250.0,35250.0,36000.0,436500,36000.0,33930.73125,2069.26875
2014-08-01,35300.0,36100.0,34550.0,34650.0,669100,34650.0,33929.2166667,720.783333333
2014-08-04,34650.0,34850.0,33900.0,34200.0,466400,34200.0,33925.8270833,274.172916667
2014-08-05,34150.0,34450.0,33500.0,33550.0,399800,33550.0,33919.7291667,-369.729166667
2014-08-06,33550.0,33700.0,32350.0,32800.0,727400,32800.0,33910.50625,-1110.50625
2014-08-07,33000.0,33550.0,32650.0,33400.0,309300,33400.0,33903.7833333,-503.783333333
2014-08-08,33150.0,33300.0,32500.0,32950.0,309300,32950.0,33895.1854167,-945.185416667
2014-08-11,33000.0,33550.0,33000.0,33150.0,188100,33150.0,33887.4208333,-737.420833333
2014-08-12,33200.0,33450.0,32800.0,33000.0,238300,33000.0,33879.03125,-879.03125
2014-08-13,32850.0,33550.0,32800.0,33550.0,229400,33550.0,33872.9333333,-322.933333333
2014-08-14,33550.0,33600.0,33300.0,33500.0,172100,33500.0,33866.6270833,-366.627083333
2014-08-15,33500.0,33500.0,33500.0,33500.0,0,33500.0,33860.3208333,-360.320833333
2014-08-18,33550.0,34050.0,33200.0,33900.0,250800,33900.0,33855.68125,44.31875
2014-08-19,34150.0,34350.0,33800.0,33850.0,228000,33850.0,33850.8333333,-0.833333333321
2014-08-20,34150.0,34150.0,33250.0,33600.0,271900,33600.0,33838.3333333,-238.333333333
2014-08-21,33700.0,33850.0,33250.0,33700.0,235400,33700.0,33828.75,-128.75
2014-08-22,33950.0,36200.0,33900.0,36200.0,1384700,36200.0,33829.5833333,2370.41666667
2014-08-25,36450.0,36800.0,36050.0,36550.0,856900,36550.0,33831.0416667,2718.95833333
2014-08-26,36600.0,36850.0,36500.0,36850.0,521100,36850.0,33827.7083333,3022.29166667
2014-08-27,36750.0,36950.0,35900.0,36150.0,398100,36150.0,33818.3333333,2331.66666667
2014-08-28,36150.0,36700.0,36100.0,36350.0,481000,36350.0,33807.5,2542.5
2014-08-29,36350.0,36650.0,36050.0,36450.0,496900,36450.0,33800.4166667,2649.58333333
2014-09-01,36550.0,37050.0,36300.0,36950.0,631700,36950.0,33797.0833333,3152.91666667
2014-09-02,37050.0,37050.0,36150.0,36350.0,381500,36350.0,33796.6666667,2553.33333333
2014-09-03,36550.0,37250.0,36550.0,37200.0,697800,37200.0,33801.6666667,3398.33333333
2014-09-04,37100.0,38000.0,36800.0,38000.0,857400,38000.0,33810.0,4190.0
2014-09-05,37800.0,38100.0,37450.0,37900.0,339200,37900.0,33825.0,4075.0
2014-09-08,37900.0,37900.0,37900.0,37900.0,0,37900.0,33842.2916667,4057.70833333
2014-09-09,37900.0,37900.0,37900.0,37900.0,0,37900.0,33854.7916667,4045.20833333
2014-09-10,37900.0,37900.0,37900.0,37900.0,0,37900.0,33867.2916667,4032.70833333
2014-09-11,38000.0,38850.0,37700.0,38600.0,612300,38600.0,33878.9583333,4721.04166667
2014-09-12,38850.0,39200.0,38400.0,38600.0,520200,38600.0,33895.2083333,4704.79166667
2014-09-15,38500.0,38900.0,37850.0,38500.0,326700,38500.0,33912.7083333,4587.29166667
2014-09-16,38500.0,38950.0,37800.0,38250.0,311400,38250.0,33929.5833333,4320.41666667
2014-09-17,38500.0,38950.0,37800.0,38950.0,391600,38950.0,33950.4166667,4999.58333333
2014-09-18,38600.0,38900.0,38200.0,38800.0,332900,38800.0,33974.5833333,4825.41666667
2014-09-19,38950.0,39000.0,38450.0,38900.0,266600,38900.0,33990.8333333,4909.16666667
2014-09-22,38850.0,38900.0,37400.0,37800.0,409400,37800.0,33999.375,3800.625
2014-09-23,37600.0,38000.0,36700.0,37350.0,420500,37350.0,34001.0416667,3348.95833333
2014-09-24,36700.0,37450.0,36300.0,36850.0,449300,36850.0,34000.8333333,2849.16666667
2014-09-25,37000.0,37200.0,35900.0,36300.0,356400,36300.0,33990.625,2309.375
2014-09-26,36150.0,36150.0,33800.0,34950.0,1135300,34950.0,33975.8333333,974.166666667
2014-09-29,34900.0,35950.0,34300.0,35650.0,449100,35650.0,33967.2916667,1682.70833333
2014-09-30,35300.0,36150.0,35300.0,36000.0,261500,36000.0,33958.5416667,2041.45833333
2014-10-01,35700.0,36200.0,34800.0,34900.0,349300,34900.0,33943.9583333,956.041666667
2014-10-02,34450.0,35300.0,34200.0,35150.0,585500,35150.0,33948.5416667,1201.45833333
2014-10-03,35150.0,35150.0,35150.0,35150.0,0,35150.0,33955.4166667,1194.58333333
2014-10-06,35150.0,35500.0,34950.0,35050.0,291900,35050.0,33961.25,1088.75
2014-10-07,35150.0,35200.0,34550.0,35100.0,257900,35100.0,33967.9166667,1132.08333333
2014-10-08,35000.0,35200.0,34300.0,35200.0,387300,35200.0,33975.625,1224.375
2014-10-09,35200.0,35200.0,35200.0,35200.0,0,35200.0,33984.1666667,1215.83333333
2014-10-10,35500.0,35650.0,35000.0,35500.0,294200,35500.0,33995.0,1505.0
2014-10-13,35800.0,35900.0,35100.0,35800.0,329000,35800.0,34014.5833333,1785.41666667
2014-10-14,35450.0,35850.0,35250.0,35400.0,406000,35400.0,34032.5,1367.5
2014-10-15,35950.0,37300.0,35800.0,37200.0,749100,37200.0,34061.25,3138.75
2014-10-16,37200.0,37550.0,36700.0,37400.0,509300,37400.0,34091.875,3308.125
2014-10-17,37500.0,37500.0,36600.0,36600.0,303600,36600.0,34120.8333333,2479.16666667
2014-10-20,37150.0,37200.0,36100.0,36300.0,372400,36300.0,34151.0416667,2148.95833333
2014-10-21,36100.0,37150.0,35850.0,36850.0,411500,36850.0,34182.9166667,2667.08333333
2014-10-22,36900.0,37250.0,36500.0,37000.0,266400,37000.0,34213.75,2786.25
2014-10-23,37000.0,37450.0,36600.0,37300.0,338300,37300.0,34247.7083333,3052.29166667
2014-10-24,37500.0,37500.0,36600.0,37000.0,348000,37000.0,34281.4583333,2718.54166667
2014-10-27,36900.0,37650.0,36800.0,37500.0,312200,37500.0,34314.5833333,3185.41666667
2014-10-28,37200.0,37700.0,37200.0,37550.0,264300,37550.0,34344.1666667,3205.83333333
2014-10-29,37700.0,38100.0,37250.0,37950.0,482800,37950.0,34376.25,3573.75
2014-10-30,38000.0,38050.0,36450.0,37500.0,313000,37500.0,34405.4166667,3094.58333333
2014-10-31,37250.0,37950.0,36800.0,37950.0,385500,37950.0,34436.6666667,3513.33333333
2014-11-03,37950.0,38150.0,36500.0,37300.0,609000,37300.0,34466.0416667,2833.95833333
2014-11-04,36950.0,37700.0,36000.0,36100.0,384100,36100.0,34493.9583333,1606.04166667
2014-11-05,36100.0,37400.0,36100.0,37200.0,299500,37200.0,34526.875,2673.125
2014-11-06,37200.0,38150.0,36400.0,37000.0,396700,37000.0,34558.9583333,2441.04166667
2014-11-07,37000.0,38400.0,37000.0,38400.0,424500,38400.0,34596.875,3803.125
2014-11-10,38650.0,38900.0,38150.0,38850.0,358100,38850.0,34636.0416667,4213.95833333
2014-11-11,39400.0,41850.0,39350.0,41600.0,1583300,41600.0,34687.2916667,6912.70833333
2014-11-12,41300.0,41800.0,40850.0,41500.0,622200,41500.0,34737.9166667,6762.08333333
2014-11-13,41600.0,42300.0,41100.0,41500.0,438700,41500.0,34792.0833333,6707.91666667
2014-11-14,41600.0,42550.0,41250.0,41400.0,665700,41400.0,34851.0416667,6548.95833333
2014-11-17,41250.0,42150.0,40300.0,40550.0,515800,40550.0,34903.9583333,5646.04166667
2014-11-18,40200.0,41400.0,40200.0,40650.0,364800,40650.0,34956.6666667,5693.33333333
2014-11-19,40800.0,41100.0,39500.0,40000.0,457800,40000.0,35001.0416667,4998.95833333
2014-11-20,40000.0,40300.0,39400.0,40000.0,455000,40000.0,35049.375,4950.625
2014-11-21,39850.0,40700.0,39600.0,40700.0,358300,40700.0,35101.6666667,5598.33333333
2014-11-24,40700.0,40700.0,39200.0,39500.0,616000,39500.0,35145.4166667,4354.58333333
2014-11-25,39650.0,41950.0,39400.0,41950.0,701400,41950.0,35198.3333333,6751.66666667
2014-11-26,41650.0,41700.0,39650.0,39950.0,832000,39950.0,35242.9166667,4707.08333333
2014-11-27,40500.0,41300.0,39750.0,40100.0,557900,40100.0,35290.8333333,4809.16666667
2014-11-28,41700.0,42200.0,41100.0,42000.0,1293500,42000.0,35339.5833333,6660.41666667
2014-12-01,43700.0,45300.0,43600.0,44500.0,2078800,44500.0,35395.0,9105.0
2014-12-02,43500.0,44250.0,43150.0,43500.0,725600,43500.0,35446.25,8053.75
2014-12-03,44800.0,45400.0,44350.0,44900.0,726900,44900.0,35503.3333333,9396.66666667
2014-12-04,44250.0,45300.0,44250.0,44750.0,567700,44750.0,35559.7916667,9190.20833333
2014-12-05,44800.0,45900.0,44250.0,44450.0,307600,44450.0,35616.6666667,8833.33333333
2014-12-08,45250.0,46300.0,45200.0,46200.0,713000,46200.0,35678.75,10521.25
2014-12-09,47000.0,48800.0,46850.0,48800.0,1250400,48800.0,35752.0833333,13047.9166667
2014-12-10,47900.0,49650.0,47500.0,48800.0,1423100,48800.0,35822.0833333,12977.9166667
2014-12-11,49950.0,50700.0,48100.0,50000.0,1493400,50000.0,35897.9166667,14102.0833333
2014-12-12,49750.0,49950.0,48200.0,48600.0,823500,48600.0,35963.75,12636.25
2014-12-15,47500.0,49800.0,47350.0,48600.0,899900,48600.0,36030.4166667,12569.5833333
2014-12-16,48900.0,49300.0,45700.0,48450.0,1140800,48450.0,36094.375,12355.625
2014-12-17,48800.0,49450.0,47100.0,47500.0,656500,47500.0,36152.7083333,11347.2916667
2014-12-18,47000.0,47850.0,45900.0,47600.0,612100,47600.0,36211.4583333,11388.5416667
2014-12-19,48400.0,49500.0,48350.0,48900.0,623300,48900.0,36278.75,12621.25
2014-12-22,48250.0,48300.0,47150.0,47300.0,430400,47300.0,36336.875,10963.125
2014-12-23,47800.0,48300.0,47200.0,47450.0,350100,47450.0,36396.25,11053.75
2014-12-24,47000.0,47600.0,46800.0,47500.0,175900,47500.0,36454.1666667,11045.8333333
2014-12-25,47500.0,47500.0,47500.0,47500.0,0,47500.0,36512.5,10987.5
2014-12-26,47550.0,47600.0,46400.0,46450.0,304000,46450.0,36565.2083333,9884.79166667
2014-12-29,46650.0,47750.0,46600.0,46800.0,298100,46800.0,36623.125,10176.875
2014-12-30,47050.0,48600.0,46800.0,47450.0,626400,47450.0,36683.75,10766.25
2014-12-31,47450.0,47450.0,47450.0,47450.0,0,47450.0,36734.1666667,10715.8333333
2015-01-01,47450.0,47450.0,47450.0,47450.0,0,47450.0,36784.5833333,10665.4166667
2015-01-02,47750.0,48750.0,45100.0,45150.0,965200,45150.0,36825.4166667,8324.58333333
2015-01-05,45500.0,46600.0,44250.0,46200.0,828600,46200.0,36869.1666667,9330.83333333
2015-01-06,46650.0,47550.0,45650.0,45650.0,861100,45650.0,36916.0416667,8733.95833333
2015-01-07,43000.0,44650.0,40950.0,43500.0,2957600,43500.0,36948.5416667,6551.45833333
2015-01-08,43600.0,44300.0,42500.0,43300.0,498700,43300.0,36984.1666667,6315.83333333
2015-01-09,43850.0,45950.0,43500.0,45300.0,709500,45300.0,37029.1666667,8270.83333333
2015-01-12,44900.0,46100.0,43900.0,44900.0,480400,44900.0,37071.875,7828.125
2015-01-13,45550.0,46000.0,45000.0,45350.0,539700,45350.0,37119.5833333,8230.41666667
2015-01-14,45900.0,46300.0,45200.0,46000.0,394500,46000.0,37172.5,8827.5
2015-01-15,45850.0,45850.0,44350.0,45150.0,550500,45150.0,37220.8333333,7929.16666667
2015-01-16,45000.0,45100.0,44050.0,44600.0,317500,44600.0,37262.7083333,7337.29166667
2015-01-19,44700.0,44750.0,43750.0,44000.0,313500,44000.0,37300.2083333,6699.79166667
2015-01-20,43900.0,44750.0,43800.0,44750.0,286300,44750.0,37342.9166667,7407.08333333
2015-01-21,45300.0,45600.0,44450.0,45000.0,322800,45000.0,37388.9583333,7611.04166667
2015-01-22,45200.0,45350.0,43100.0,43350.0,479700,43350.0,37432.5,5917.5
2015-01-23,44000.0,44400.0,43500.0,44000.0,308700,44000.0,37472.5,6527.5
2015-01-26,44000.0,44600.0,43000.0,43350.0,453600,43350.0,37512.5,5837.5
2015-01-27,43350.0,44450.0,43300.0,44450.0,362500,44450.0,37553.3333333,6896.66666667
2015-01-28,43900.0,44600.0,43800.0,44350.0,237000,44350.0,37594.5833333,6755.41666667
2015-01-29,44700.0,48000.0,44450.0,46700.0,1303400,46700.0,37643.3333333,9056.66666667
2015-01-30,47300.0,48000.0,46850.0,47500.0,552400,47500.0,37697.2916667,9802.70833333
2015-02-02,46250.0,47850.0,45750.0,46750.0,581700,46750.0,37749.5833333,9000.41666667
2015-02-03,46550.0,47350.0,45500.0,46900.0,554100,46900.0,37803.5416667,9096.45833333
2015-02-04,46900.0,48550.0,46150.0,47950.0,948400,47950.0,37853.75,10096.25
2015-02-05,47000.0,47100.0,45900.0,46400.0,407900,46400.0,37890.4166667,8509.58333333
2015-02-06,46400.0,48300.0,45700.0,47500.0,400900,47500.0,37931.4583333,9568.54166667
2015-02-09,47500.0,47800.0,46650.0,47500.0,240100,47500.0,37971.0416667,9528.95833333
2015-02-10,47300.0,47300.0,45400.0,46250.0,355600,46250.0,38005.2083333,8244.79166667
2015-02-11,46550.0,47450.0,45700.0,47050.0,290500,47050.0,38045.4166667,9004.58333333
2015-02-12,47150.0,47250.0,46150.0,47000.0,177000,47000.0,38078.75,8921.25
2015-02-13,46950.0,48050.0,46400.0,46600.0,258000,46600.0,38124.1666667,8475.83333333
2015-02-16,46400.0,46500.0,45450.0,45550.0,277100,45550.0,38162.7083333,7387.29166667
2015-02-17,45750.0,46400.0,45550.0,46000.0,189700,46000.0,38201.25,7798.75
2015-02-18,46000.0,46000.0,46000.0,46000.0,0,46000.0,38237.7083333,7762.29166667
2015-02-19,46000.0,46000.0,46000.0,46000.0,0,46000.0,38275.2083333,7724.79166667
2015-02-20,46000.0,46000.0,46000.0,46000.0,0,46000.0,38306.4583333,7693.54166667
2015-02-23,46050.0,47150.0,45850.0,45950.0,340200,45950.0,38338.75,7611.25
2015-02-24,46000.0,46000.0,44700.0,45050.0,581900,45050.0,38370.2083333,6679.79166667
2015-02-25,45200.0,46850.0,44900.0,46300.0,551400,46300.0,38408.75,7891.25
2015-02-26,46000.0,48100.0,45100.0,48100.0,789000,48100.0,38453.3333333,9646.66666667
2015-02-27,48150.0,50200.0,47500.0,50200.0,893800,50200.0,38502.5,11697.5
2015-03-02,49800.0,50400.0,48800.0,49400.0,538300,49400.0,38547.7083333,10852.2916667
2015-03-03,49000.0,49450.0,47350.0,47600.0,623700,47600.0,38586.4583333,9013.54166667
2015-03-04,47600.0,47950.0,46500.0,46700.0,605400,46700.0,38620.2083333,8079.79166667
2015-03-05,46950.0,47550.0,46450.0,46500.0,328300,46500.0,38655.8333333,7844.16666667
2015-03-06,46550.0,46850.0,45850.0,46650.0,460900,46650.0,38692.9166667,7957.08333333
2015-03-09,46550.0,46800.0,45850.0,45900.0,231600,45900.0,38729.7916667,7170.20833333
2015-03-10,46000.0,46400.0,45050.0,45100.0,345600,45100.0,38766.6666667,6333.33333333
2015-03-11,44900.0,45250.0,43950.0,43950.0,513000,43950.0,38797.0833333,5152.91666667
2015-03-12,43700.0,45300.0,43200.0,44850.0,543500,44850.0,38828.3333333,6021.66666667
2015-03-13,45500.0,45850.0,43400.0,43850.0,673100,43850.0,38857.0833333,4992.91666667
2015-03-16,44500.0,47250.0,44250.0,46500.0,905800,46500.0,38900.8333333,7599.16666667
2015-03-17,47250.0,48400.0,46850.0,47350.0,750300,47350.0,38952.2916667,8397.70833333
2015-03-18,48000.0,48200.0,47100.0,47400.0,449200,47400.0,39003.9583333,8396.04166667
2015-03-19,47400.0,48250.0,46650.0,48050.0,440400,48050.0,39061.875,8988.125
2015-03-20,47200.0,48200.0,46750.0,48150.0,315000,48150.0,39118.9583333,9031.04166667
2015-03-23,48450.0,48500.0,47150.0,47200.0,247900,47200.0,39171.4583333,8028.54166667
2015-03-24,46750.0,48900.0,46750.0,48750.0,427800,48750.0,39232.0833333,9517.91666667
2015-03-25,48850.0,49450.0,48250.0,49300.0,412700,49300.0,39295.4166667,10004.5833333
2015-03-26,48900.0,49000.0,47700.0,47700.0,277500,47700.0,39353.3333333,8346.66666667
2015-03-27,47100.0,48200.0,46950.0,47650.0,241500,47650.0,39415.625,8234.375
2015-03-30,47900.0,49950.0,47900.0,48750.0,658700,48750.0,39482.2916667,9267.70833333
2015-03-31,48800.0,49300.0,48350.0,48550.0,321400,48550.0,39547.9166667,9002.08333333
2015-04-01,48750.0,50900.0,48450.0,50700.0,1351400,50700.0,39620.4166667,11079.5833333
2015-04-02,50200.0,52400.0,50100.0,51300.0,942800,51300.0,39695.4166667,11604.5833333
2015-04-03,52300.0,53700.0,51700.0,52900.0,804300,52900.0,39782.2916667,13117.7083333
2015-04-06,53600.0,53900.0,52300.0,53000.0,356000,53000.0,39869.5833333,13130.4166667
2015-04-07,52300.0,52700.0,50800.0,52600.0,596000,52600.0,39955.2083333,12644.7916667
2015-04-08,52000.0,52900.0,51400.0,52700.0,395700,52700.0,40039.7916667,12660.2083333
2015-04-09,54000.0,54600.0,51500.0,52100.0,421600,52100.0,40120.0,11980.0
2015-04-10,51500.0,52900.0,51500.0,52300.0,341100,52300.0,40200.4166667,12099.5833333
2015-04-13,52600.0,53700.0,52200.0,53100.0,328500,53100.0,40286.875,12813.125
2015-04-14,53100.0,54200.0,52000.0,52500.0,360700,52500.0,40369.1666667,12130.8333333
2015-04-15,52100.0,52800.0,50400.0,51000.0,559200,51000.0,40441.875,10558.125
2015-04-16,50000.0,50300.0,49150.0,49850.0,627500,49850.0,40510.2083333,9339.79166667
2015-04-17,49850.0,50500.0,48700.0,49000.0,844900,49000.0,40575.2083333,8424.79166667
2015-04-20,48400.0,49600.0,48400.0,49600.0,497000,49600.0,40642.7083333,8957.29166667
2015-04-21,49500.0,49550.0,48250.0,48300.0,594000,48300.0,40703.3333333,7596.66666667
2015-04-22,48700.0,49150.0,47500.0,48000.0,505800,48000.0,40761.875,7238.125
2015-04-23,48350.0,49600.0,48050.0,49400.0,532700,49400.0,40825.2083333,8574.79166667
2015-04-24,48900.0,49300.0,47100.0,47250.0,755200,47250.0,40880.4166667,6369.58333333
2015-04-27,47400.0,48600.0,47400.0,48200.0,342400,48200.0,40940.4166667,7259.58333333
2015-04-28,48550.0,48700.0,47500.0,48000.0,322600,48000.0,41000.0,7000.0
2015-04-29,48200.0,48300.0,46550.0,47000.0,397000,47000.0,41055.8333333,5944.16666667
2015-04-30,46650.0,46900.0,45750.0,45800.0,359100,45800.0,41107.9166667,4692.08333333
2015-05-01,45800.0,45800.0,45800.0,45800.0,0,45800.0,41159.7916667,4640.20833333
2015-05-04,46300.0,46450.0,44950.0,45600.0,316200,45600.0,41207.5,4392.5
2015-05-05,45600.0,45600.0,45600.0,45600.0,0,45600.0,41255.625,4344.375
2015-05-06,44900.0,45300.0,42750.0,42900.0,617600,42900.0,41292.5,1607.5
2015-05-07,42800.0,43700.0,42800.0,43700.0,359700,43700.0,41331.875,2368.125
2015-05-08,44450.0,45250.0,44300.0,44400.0,360500,44400.0,41374.1666667,3025.83333333
2015-05-11,44900.0,45650.0,44500.0,45100.0,353800,45100.0,41416.6666667,3683.33333333
2015-05-12,45000.0,45100.0,43450.0,43850.0,392700,43850.0,41453.5416667,2396.45833333
2015-05-13,43300.0,44500.0,43300.0,44050.0,157000,44050.0,41491.4583333,2558.54166667
2015-05-14,43800.0,44250.0,43450.0,43650.0,196900,43650.0,41528.5416667,2121.45833333
2015-05-15,44600.0,44700.0,43200.0,43300.0,407400,43300.0,41566.4583333,1733.54166667
2015-05-18,43000.0,43200.0,41500.0,41600.0,534200,41600.0,41600.4166667,-0.41666666665
2015-05-19,41400.0,42050.0,40850.0,41050.0,460300,41050.0,41631.6666667,-581.666666667
2015-05-20,41600.0,43950.0,41300.0,43750.0,700600,43750.0,41677.5,2072.5
2015-05-21,43750.0,43850.0,42600.0,43600.0,514700,43600.0,41721.0416667,1878.95833333
2015-05-22,43400.0,43950.0,42700.0,43950.0,389400,43950.0,41765.4166667,2184.58333333
2015-05-25,43950.0,43950.0,43950.0,43950.0,0,43950.0,41808.3333333,2141.66666667
2015-05-26,44250.0,44250.0,41900.0,42100.0,504700,42100.0,41842.9166667,257.083333333
2015-05-27,42200.0,42900.0,41200.0,41250.0,611200,41250.0,41875.8333333,-625.833333333
2015-05-28,41750.0,41750.0,40700.0,41050.0,456500,41050.0,41910.0,-860.0
2015-05-29,40500.0,41300.0,40450.0,40450.0,424600,40450.0,41942.0833333,-1492.08333333
2015-06-01,39500.0,39500.0,38500.0,38850.0,801400,38850.0,41964.7916667,-3114.79166667
2015-06-02,38800.0,39500.0,38300.0,38600.0,568500,38600.0,41986.25,-3386.25
2015-06-03,37650.0,39150.0,37650.0,38700.0,488100,38700.0,42007.0833333,-3307.08333333
2015-06-04,38800.0,38850.0,38250.0,38600.0,498100,38600.0,42023.75,-3423.75
2015-06-05,38300.0,39200.0,38300.0,39000.0,342400,39000.0,42041.875,-3041.875
2015-06-08,38500.0,39550.0,38150.0,38900.0,433100,38900.0,42059.7916667,-3159.79166667
2015-06-09,39400.0,40450.0,39350.0,39750.0,608000,39750.0,42082.7083333,-2332.70833333
2015-06-10,39950.0,40000.0,37800.0,38050.0,1023500,38050.0,42098.9583333,-4048.95833333
2015-06-11,38000.0,38750.0,37450.0,38100.0,612800,38100.0,42115.2083333,-4015.20833333
2015-06-12,38600.0,39050.0,37200.0,37500.0,546000,37500.0,42132.9166667,-4632.91666667
2015-06-15,36950.0,36950.0,35150.0,35200.0,817100,35200.0,42138.125,-6938.125
2015-06-16,35200.0,35850.0,34800.0,35750.0,634700,35750.0,42146.875,-6396.875
2015-06-17,35750.0,35800.0,34800.0,35600.0,535000,35600.0,42157.2916667,-6557.29166667
2015-06-18,35800.0,36200.0,35350.0,35700.0,509000,35700.0,42163.9583333,-6463.95833333
2015-06-19,36000.0,38150.0,35800.0,37850.0,1011600,37850.0,42177.7083333,-4327.70833333
2015-06-22,38750.0,39700.0,38750.0,39350.0,835800,39350.0,42195.8333333,-2845.83333333
2015-06-23,39350.0,39750.0,38650.0,39700.0,494900,39700.0,42217.2916667,-2517.29166667
2015-06-24,39750.0,40450.0,39300.0,39950.0,418900,39950.0,42238.5416667,-2288.54166667
2015-06-25,39650.0,40250.0,39300.0,39800.0,278700,39800.0,42259.1666667,-2459.16666667
2015-06-26,39800.0,39800.0,38800.0,39100.0,296900,39100.0,42276.875,-3176.875
2015-06-29,38400.0,38750.0,37750.0,37900.0,380500,37900.0,42288.5416667,-4388.54166667
2015-06-30,37750.0,40600.0,37700.0,40500.0,632700,40500.0,42307.5,-1807.5
2015-07-01,40600.0,42300.0,39650.0,41850.0,807000,41850.0,42334.1666667,-484.166666667
2015-07-02,42500.0,43850.0,41900.0,42900.0,1340700,42900.0,42362.9166667,537.083333333
2015-07-03,42950.0,43450.0,41450.0,41500.0,583100,41500.0,42391.4583333,-891.458333333
2015-07-06,40800.0,42600.0,40700.0,41200.0,587800,41200.0,42420.625,-1220.625
2015-07-07,42600.0,44500.0,42050.0,43550.0,1506500,43550.0,42462.2916667,1087.70833333
2015-07-08,43550.0,43900.0,41900.0,42000.0,601500,42000.0,42500.625,-500.625
2015-07-09,41000.0,41500.0,38950.0,39700.0,1608600,39700.0,42526.875,-2826.875
2015-07-10,40100.0,40150.0,39500.0,39750.0,512700,39750.0,42555.2083333,-2805.20833333
2015-07-13,40050.0,40550.0,39750.0,40450.0,452200,40450.0,42585.625,-2135.625
2015-07-14,40700.0,40800.0,39400.0,39450.0,657700,39450.0,42612.5,-3162.5
2015-07-15,40450.0,40500.0,39400.0,39450.0,886900,39450.0,42637.0833333,-3187.08333333
2015-07-16,39000.0,40300.0,38700.0,39450.0,9033400,39450.0,42661.875,-3211.875
2015-07-17,39550.0,40000.0,38250.0,39000.0,1149500,39000.0,42684.7916667,-3684.79166667
2015-07-20,39050.0,39400.0,38100.0,38450.0,828900,38450.0,42703.75,-4253.75
2015-07-21,38500.0,38900.0,37500.0,37700.0,1122800,37700.0,42719.7916667,-5019.79166667
2015-07-22,37900.0,38200.0,37250.0,37500.0,651800,37500.0,42736.0416667,-5236.04166667
2015-07-23,38100.0,39350.0,37800.0,39350.0,1077900,39350.0,42759.5833333,-3409.58333333
2015-07-24,39300.0,39750.0,38600.0,39650.0,1072900,39650.0,42773.9583333,-3123.95833333
2015-07-27,39650.0,39650.0,38300.0,38600.0,611700,38600.0,42782.5,-4182.5
2015-07-28,38150.0,38400.0,37300.0,37450.0,761200,37450.0,42785.0,-5335.0
2015-07-29,37700.0,38000.0,37400.0,37600.0,395900,37600.0,42791.0416667,-5191.04166667
2015-07-30,37850.0,37850.0,35550.0,35600.0,1235300,35600.0,42787.9166667,-7187.91666667
2015-07-31,34700.0,36000.0,34600.0,35100.0,1054000,35100.0,42782.2916667,-7682.29166667
2015-08-03,35200.0,35600.0,33850.0,34150.0,914800,34150.0,42770.625,-8620.625
2015-08-04,34850.0,38300.0,34650.0,38050.0,2059900,38050.0,42777.7083333,-4727.70833333
2015-08-05,38250.0,39150.0,37350.0,37450.0,724900,37450.0,42778.75,-5328.75
2015-08-06,37950.0,38250.0,37500.0,37600.0,382800,37600.0,42777.0833333,-5177.08333333
2015-08-07,37400.0,37400.0,36600.0,36850.0,381900,36850.0,42772.7083333,-5922.70833333
2015-08-10,37550.0,38600.0,37100.0,38500.0,732900,38500.0,42775.2083333,-4275.20833333
2015-08-11,38050.0,38200.0,37400.0,37400.0,592500,37400.0,42773.125,-5373.125
2015-08-12,37300.0,37800.0,35350.0,35850.0,755700,35850.0,42764.5833333,-6914.58333333
2015-08-13,35700.0,36900.0,35550.0,36250.0,581100,36250.0,42754.7916667,-6504.79166667
2015-08-14,36250.0,36250.0,36250.0,36250.0,0,36250.0,42745.0,-6495.0
2015-08-17,35600.0,35850.0,35000.0,35250.0,496900,35250.0,42731.4583333,-7481.45833333
2015-08-18,35150.0,35350.0,34100.0,34250.0,842000,34250.0,42714.7916667,-8464.79166667
2015-08-19,33950.0,34000.0,31700.0,32050.0,1094500,32050.0,42686.0416667,-10636.0416667
2015-08-20,31700.0,33350.0,31700.0,32200.0,745500,32200.0,42658.5416667,-10458.5416667
2015-08-21,30700.0,31350.0,30600.0,31000.0,754600,31000.0,42625.625,-11625.625
2015-08-24,30500.0,31450.0,30000.0,30750.0,658000,30750.0,42596.25,-11846.25
2015-08-25,31400.0,32500.0,30600.0,31750.0,792400,31750.0,42572.9166667,-10822.9166667
2015-08-26,32000.0,33300.0,31950.0,33250.0,640900,33250.0,42557.9166667,-9307.91666667
2015-08-27,33700.0,33800.0,32600.0,32750.0,478900,32750.0,42543.125,-9793.125
2015-08-28,32600.0,33050.0,32500.0,32850.0,547900,32850.0,42534.375,-9684.375
2015-08-31,33000.0,33300.0,32300.0,33300.0,494000,33300.0,42524.5833333,-9224.58333333
2015-09-01,32300.0,33000.0,32000.0,32000.0,610700,32000.0,42507.9166667,-10507.9166667
2015-09-02,31450.0,32150.0,31400.0,31650.0,455100,31650.0,42494.375,-10844.375
2015-09-03,37550.0,38600.0,37100.0,38500.0,732900,38500.0,42508.3333333,-4008.33333333
2015-09-04,37550.0,38600.0,37100.0,30550.0,732900,30550.0,42489.1666667,-11939.1666667
2015-09-07,30500.0,31250.0,30200.0,30550.0,377900,30550.0,42470.4166667,-11920.4166667
2015-09-08,30550.0,31100.0,30250.0,30650.0,369000,30650.0,42451.875,-11801.875
2015-09-09,31100.0,31950.0,30900.0,31800.0,514100,31800.0,42437.7083333,-10637.7083333
2015-09-10,31700.0,32500.0,31400.0,32500.0,616400,32500.0,42426.4583333,-9926.45833333
2015-09-11,32200.0,32650.0,31550.0,31550.0,502100,31550.0,42410.0,-10860.0
